Invoice ID,Branch,City,,Customer type,Gender,Product line,,Quantity,,Date,,Time,,Payment,Rating
750-67-8428,A,Yangon,,Member,Female,Health and beauty,,7,,05-01-23,,13:08,,Ewallet,9.1
226-31-3081,C,Naypyitaw,,Normal,Female,Electronic accessories,,5,,08-03-23,,10:29,,Cash,9.6
631-41-3108,A,Yangon,,Normal,Male,Home and lifestyle,,7,,03-03-23,,13:23,,Credit card,7.4
123-19-1176,A,Yangon,,Member,Male,Health and beauty,,8,,27-01-23,,20:33,,Ewallet,8.4
,,,,,,,,,,,,,,,5.3
699-14-3026,C,Naypyitaw,,Normal,Male,Electronic accessories,,7,,25-03-23,,18:30,,Ewallet,4.1
355-53-5943,A,Yangon,,Member,Female,Electronic accessories,,6,,25-02-23,,14:36,,Ewallet,5.8
315-22-5665,C,Naypyitaw,,Normal,Female,Home and lifestyle,,10,,24-02-23,,11:38,,Ewallet,8
665-32-9167,A,Yangon,,Member,Female,Health and beauty,,2,,10-01-23,,17:15,,Credit card,7.2
692-92-5582,B,Mandalay,,Member,Female,Food and beverages,,3,,20-02-23,,13:27,,Credit card,5.9
351-62-0822,B,Mandalay,,Member,Female,Fashion accessories,,4,,06-02-23,,18:07,,Ewallet,4.5
529-56-3974,B,Mandalay,,Member,Male,Electronic accessories,,4,,09-03-23,,17:03,,Cash,6.8
365-64-0515,A,Yangon,,Normal,Female,Electronic accessories,,5,,12-02-23,,10:25,,Ewallet,7.1
252-56-2699,A,Yangon,,Normal,Male,Food and beverages,,10,,07-02-23,,16:48,,Ewallet,8.2
829-34-3910,A,Yangon,,Normal,Female,Health and beauty,,10,,29-03-23,,19:21,,Cash,5.7
299-46-1805,B,Mandalay,,Member,Female,Sports and travel,,6,,15-01-23,,16:19,,Cash,4.5
656-95-9349,A,Yangon,,Member,Female,Health and beauty,,7,,,,,,,
765-26-6951,A,Yangon,,Normal,Male,Sports and travel,,6,,01-01-23,,10:39,,Credit card,6.9
329-62-1586,A,Yangon,,Normal,Male,Food and beverages,,3,,21-01-23,,18:00,,Credit card,8.6
319-50-3348,B,Mandalay,,Normal,Female,Home and lifestyle,,2,,11-03-23,,15:30,,Ewallet,4.4
,,,,,,,,,,,,,,,
300-71-4605,C,Naypyitaw,,Member,Male,Electronic accessories,,5,,25-02-23,,11:24,,Ewallet,4.8
371-85-5789,B,Mandalay,,Normal,Male,Health and beauty,,3,,05-03-23,,10:40,,Ewallet,5.1
273-16-6619,B,Mandalay,,Normal,Male,Home and lifestyle,,2,,15-03-23,,12:20,,Credit card,4.4
636-48-8204,A,Yangon,,Normal,Male,Electronic accessories,,5,,17-02-23,,11:15,,Ewallet,9.9
549-59-1358,A,Yangon,,Member,Male,Sports and travel,,3,,02-03-23,,17:36,,Ewallet,6
227-03-5010,A,Yangon,,Member,Female,Home and lifestyle,,8,,22-03-23,,19:20,,Credit card,8.5
,,,,,,,,,,,,,,,
649-29-6775,B,Mandalay,,Normal,Male,Fashion accessories,,1,,08-02-23,,15:31,,Cash,6.7
189-17-4241,A,Yangon,,Normal,Female,Fashion accessories,,2,,10-03-23,,12:17,,Credit card,7.7
145-94-9061,B,Mandalay,,Normal,Female,Food and beverages,,5,,25-01-23,,19:48,,Cash,9.6
848-62-7243,A,Yangon,,Normal,Male,Health and beauty,,9,,15-03-23,,15:36,,Cash,7.4
,,,,,,,,,,,,,,,
871-79-8483,B,Mandalay,,Normal,Male,Fashion accessories,,5,,25-02-23,,19:39,,Credit card,4.8
149-71-6266,B,Mandalay,,Member,Male,Sports and travel,,9,,28-01-23,,12:43,,Cash,4.5
640-49-2076,B,Mandalay,,Normal,Male,Sports and travel,,8,,10-01-23,,14:49,,Cash,5.1
595-11-5460,A,Yangon,,Normal,Male,Health and beauty,,2,,15-03-23,,10:12,,Credit card,5.1
183-56-6882,C,Naypyitaw,,Member,Female,Food and beverages,,4,,06-02-23,,10:42,,Ewallet,7.5
232-16-2483,C,Naypyitaw,,Member,Female,Sports and travel,,1,,07-01-23,,12:28,,Ewallet,6.8
129-29-8530,A,Yangon,,Member,Male,Sports and travel,,5,,10-03-23,,19:15,,Ewallet,7
,,,,,,,,,,,,,,,
,,,,,,,,,,,,,,,
,,,,,,,,,,,,,,,
272-65-1806,A,Yangon,,Normal,Female,Electronic accessories,,9,,15-01-23,,17:17,,Ewallet,4.7
333-73-7901,C,Naypyitaw,,Normal,Female,Health and beauty,,8,,23-03-23,,13:24,,Ewallet,7.6
777-82-7220,B,Mandalay,,Member,Male,Home and lifestyle,,8,,03-03-23,,13:01,,Cash,7.7
280-35-5823,B,Mandalay,,Member,Female,Home and lifestyle,,1,,17-01-23,,18:45,,Ewallet,7.9
554-53-8700,C,Naypyitaw,,Member,Male,Home and lifestyle,,2,,02-02-23,,10:11,,Cash,6.3
354-25-5821,B,Mandalay,,Member,Female,Sports and travel,,6,,08-02-23,,13:03,,Cash,5.6
228-96-1411,C,Naypyitaw,,Member,Female,Food and beverages,,8,,04-03-23,,20:39,,Cash,7.6
617-15-4209,C,Naypyitaw,,Member,Male,Health and beauty,,2,,16-03-23,,19:47,,Cash,7.2
132-32-9879,B,Mandalay,,Member,Female,Electronic accessories,,4,,09-03-23,,18:00,,Cash,9.5
370-41-7321,B,Mandalay,,Member,Male,Health and beauty,,9,,27-02-23,,17:24,,Credit card,8.4
,,,,,,,,,,,,,,,
727-46-3608,B,Mandalay,,Member,Female,Food and beverages,,9,,06-02-23,,15:47,,Ewallet,4.1
669-54-1719,B,Mandalay,,Member,Male,Electronic accessories,,6,,10-02-23,,12:45,,Credit card,8.1
574-22-5561,C,Naypyitaw,,Member,Female,Fashion accessories,,10,,23-03-23,,17:08,,Ewallet,7.9
,,,,,,,,,,,,,,,
326-78-5178,C,Naypyitaw,,Member,Male,Food and beverages,,7,,03-02-23,,10:19,,Cash,9.5
162-48-8011,A,Yangon,,Member,Female,Food and beverages,,5,,10-02-23,,15:10,,Cash,8.5
616-24-2851,B,Mandalay,,Member,Female,Fashion accessories,,4,,22-03-23,,14:42,,Ewallet,6.5
778-71-5554,C,Naypyitaw,,Member,Male,Fashion accessories,,1,,25-01-23,,15:46,,Credit card,6.1
242-55-6721,B,Mandalay,,Normal,Male,Home and lifestyle,,2,,07-03-23,,11:49,,Ewallet,6.5
399-46-5918,C,Naypyitaw,,Normal,Female,Electronic accessories,,8,,28-02-23,,19:01,,Cash,8.2
106-35-6779,A,Yangon,,Member,Male,Home and lifestyle,,2,,27-03-23,,11:26,,Cash,5.8
635-40-6220,A,Yangon,,Normal,Male,Health and beauty,,8,,07-02-23,,11:28,,Ewallet,6.6
817-48-8732,A,Yangon,,Member,Female,Home and lifestyle,,10,,20-01-23,,15:55,,Cash,5.4
120-06-4233,C,Naypyitaw,,Normal,Male,Electronic accessories,,6,,12-03-23,,20:36,,Cash,9.3
285-68-5083,C,Naypyitaw,,Member,Female,Sports and travel,,3,,15-02-23,,17:47,,Credit card,10
803-83-5989,C,Naypyitaw,,Normal,Male,Home and lifestyle,,6,,24-02-23,,10:55,,Ewallet,7
347-34-2234,B,Mandalay,,Member,Female,Sports and travel,,9,,03-02-23,,13:40,,Ewallet,10
199-75-8169,A,Yangon,,Member,Male,Sports and travel,,10,,06-03-23,,12:27,,Credit card,8.6
,B,Mandalay,,Member,Male,Health and beauty,,4,,14-02-23,,14:35,,Cash,7.6
,A,Yangon,,Member,Male,Health and beauty,,10,,13-03-23,,16:40,,Cash,5.8
838-78-4295,C,Naypyitaw,,Normal,Female,Health and beauty,,2,,10-02-23,,15:43,,Ewallet,6.7
109-28-2512,B,Mandalay,,Member,Female,Fashion accessories,,6,,07-01-23,,15:01,,Ewallet,9.9
232-11-3025,A,Yangon,,Normal,Male,Sports and travel,,10,,24-01-23,,10:04,,Cash,6.4
382-03-4532,A,Yangon,,Member,Female,Health and beauty,,1,,02-02-23,,18:50,,Cash,4.3
393-65-2792,C,Naypyitaw,,Normal,Male,Food and beverages,,10,,06-01-23,,12:46,,Credit card,9.6
796-12-2025,C,Naypyitaw,,Normal,Male,Fashion accessories,,10,,11-02-23,,16:19,,Cash,5.9
510-95-6347,B,Mandalay,,Member,Female,Food and beverages,,3,,05-03-23,,18:17,,Ewallet,4
841-35-6630,C,Naypyitaw,,Normal,Female,Electronic accessories,,6,,09-03-23,,18:21,,Cash,8.7
287-21-9091,A,Yangon,,Normal,Male,Home and lifestyle,,9,,22-01-23,,10:55,,Ewallet,9.4
732-94-0499,C,Naypyitaw,,Normal,Female,Electronic accessories,,10,,13-01-23,,17:04,,Credit card,5.4
263-10-3913,C,Naypyitaw,,Member,Male,Fashion accessories,,9,,09-01-23,,14:20,,Credit card,8.6
381-20-0914,A,Yangon,,Member,Female,Fashion accessories,,9,,12-01-23,,15:48,,Credit card,5.7
829-49-1914,C,Naypyitaw,,Member,Female,Food and beverages,,10,,05-03-23,,16:24,,Ewallet,6.6
756-01-7507,C,Naypyitaw,,Normal,Female,Health and beauty,,5,,22-01-23,,18:56,,Cash,6
870-72-4431,C,Naypyitaw,,Normal,Female,Health and beauty,,6,,21-01-23,,14:42,,Credit card,5.5
847-38-7188,B,Mandalay,,Normal,Female,Food and beverages,,3,,26-01-23,,19:56,,Ewallet,6.4
480-63-2856,C,Naypyitaw,,Normal,Male,Food and beverages,,8,,23-01-23,,18:37,,Ewallet,6.6
787-56-0757,C,Naypyitaw,,Member,Female,Food and beverages,,4,,23-02-23,,18:45,,Credit card,8.3
360-39-5055,C,Naypyitaw,,Member,Male,Sports and travel,,5,,09-03-23,,10:17,,Cash,6.6
730-50-9884,C,Naypyitaw,,Normal,Female,Sports and travel,,7,,05-03-23,,14:31,,Ewallet,4
,,,,,,,,,,,,,,,
362-58-8315,C,Naypyitaw,,Normal,Male,Fashion accessories,,5,,25-03-23,,10:23,,Cash,9.9
633-44-8566,A,Yangon,,Member,Male,Food and beverages,,7,,27-03-23,,20:35,,Credit card,7.3
504-35-8843,A,Yangon,,Normal,Male,Sports and travel,,1,,02-01-23,,16:57,,Cash,5.7
318-68-5053,B,Mandalay,,Normal,Female,Health and beauty,,6,,27-02-23,,17:55,,Cash,6.1
565-80-5980,C,Naypyitaw,,Member,Female,Home and lifestyle,,4,,23-01-23,,10:25,,Cash,7.1
225-32-0908,C,Naypyitaw,,Normal,Female,Sports and travel,,10,,26-01-23,,19:54,,Ewallet,8.2
873-51-0671,A,Yangon,,Member,Female,Sports and travel,,7,,10-01-23,,16:42,,Ewallet,5.1
152-08-9985,B,Mandalay,,Member,Male,Health and beauty,,9,,12-03-23,,12:09,,Credit card,8.6
512-91-0811,C,Naypyitaw,,Normal,Male,Health and beauty,,1,,06-02-23,,20:05,,Credit card,6.6
594-34-4444,A,Yangon,,Normal,Male,Electronic accessories,,1,,08-03-23,,20:38,,Ewallet,7.2
766-85-7061,B,Mandalay,,Normal,Male,Health and beauty,,10,,29-03-23,,10:25,,Ewallet,5.1
871-39-9221,C,Naypyitaw,,Normal,Female,Electronic accessories,,6,,09-02-23,,13:11,,Cash,4.1
865-92-6136,A,Yangon,,Normal,Male,Food and beverages,,3,,23-03-23,,10:16,,Ewallet,9.3
733-01-9107,B,Mandalay,,Normal,Male,Home and lifestyle,,6,,05-03-23,,18:14,,Cash,7.4
163-56-7055,C,Naypyitaw,,Member,Male,Fashion accessories,,1,,26-03-23,,19:20,,Cash,4.1
189-98-2939,C,Naypyitaw,,Normal,Male,Fashion accessories,,9,,01-03-23,,13:22,,Cash,7.2
551-21-3069,C,Naypyitaw,,Normal,Female,Electronic accessories,,9,,01-02-23,,11:27,,Cash,4.9
212-62-1842,A,Yangon,,Normal,Male,Food and beverages,,6,,28-03-23,,16:44,,Cash,9.9
716-39-1409,B,Mandalay,,Normal,Male,Health and beauty,,7,,23-03-23,,18:19,,Cash,8
704-48-3927,A,Yangon,,Member,Male,Electronic accessories,,10,,12-01-23,,14:50,,Ewallet,7.3
628-34-3388,C,Naypyitaw,,Normal,Male,Fashion accessories,,6,,05-01-23,,20:54,,Credit card,7.9
630-74-5166,A,Yangon,,Normal,Male,Sports and travel,,6,,22-03-23,,20:19,,Cash,7.4
588-01-7461,C,Naypyitaw,,Normal,Female,Food and beverages,,9,,24-03-23,,10:43,,Cash,4.2
861-77-0145,C,Naypyitaw,,Member,Male,Electronic accessories,,10,,03-03-23,,14:30,,Cash,9.2
479-26-8945,B,Mandalay,,Member,Female,Sports and travel,,2,,05-02-23,,11:32,,Ewallet,4.6
210-67-5886,C,Naypyitaw,,Member,Female,Health and beauty,,3,,05-02-23,,10:41,,Credit card,7.8
227-78-1148,B,Mandalay,,Normal,Female,Fashion accessories,,7,,15-02-23,,12:44,,Cash,8.4
645-44-1170,A,Yangon,,Member,Male,Home and lifestyle,,9,,23-01-23,,20:07,,Ewallet,4.3
237-01-6122,C,Naypyitaw,,Member,Female,Home and lifestyle,,9,,01-02-23,,20:31,,Credit card,9.5
225-98-1496,C,Naypyitaw,,Normal,Female,Fashion accessories,,3,,02-03-23,,13:01,,Credit card,7.1
291-32-1427,B,Mandalay,,Member,Male,Fashion accessories,,5,,05-03-23,,12:29,,Ewallet,5.3
659-65-8956,B,Mandalay,,Member,Male,Fashion accessories,,1,,16-01-23,,15:26,,Ewallet,5.2
642-32-2990,A,Yangon,,Normal,Female,Food and beverages,,10,,02-02-23,,20:48,,Ewallet,6
378-24-2715,B,Mandalay,,Normal,Male,Home and lifestyle,,2,,20-01-23,,20:38,,Ewallet,4.1
638-60-7125,A,Yangon,,Normal,Female,Electronic accessories,,8,,14-02-23,,17:03,,Credit card,5.2
659-36-1684,C,Naypyitaw,,Member,Male,Sports and travel,,7,,12-01-23,,12:02,,Credit card,6.5
219-22-9386,B,Mandalay,,Member,Male,Sports and travel,,9,,09-03-23,,17:26,,Credit card,4.2
336-78-2147,C,Naypyitaw,,Member,Male,Home and lifestyle,,8,,13-03-23,,19:52,,Credit card,4.6
268-27-6179,B,Mandalay,,Member,Female,Fashion accessories,,8,,09-03-23,,14:57,,Ewallet,7.3
668-90-8900,A,Yangon,,Normal,Female,Home and lifestyle,,7,,10-03-23,,18:44,,Credit card,4.5
870-54-3162,A,Yangon,,Normal,Female,Sports and travel,,5,,27-01-23,,13:26,,Cash,9
189-08-9157,C,Naypyitaw,,Normal,Female,Fashion accessories,,9,,08-01-23,,16:17,,Credit card,5.9
663-86-9076,C,Naypyitaw,,Member,Female,Food and beverages,,8,,08-01-23,,15:57,,Ewallet,8.5
549-84-7482,B,Mandalay,,Normal,Female,Sports and travel,,9,,08-02-23,,11:15,,Ewallet,7.2
191-10-6171,B,Mandalay,,Normal,Female,Fashion accessories,,7,,25-01-23,,13:18,,Cash,7.5
802-70-5316,A,Yangon,,Member,Female,Sports and travel,,6,,06-03-23,,20:34,,Cash,8.3
695-51-0018,B,Mandalay,,Normal,Female,Sports and travel,,4,,10-02-23,,18:36,,Cash,7.4
590-83-4591,B,Mandalay,,Member,Male,Electronic accessories,,6,,17-02-23,,14:40,,Credit card,8.8
483-71-1164,C,Naypyitaw,,Normal,Female,Health and beauty,,6,,08-03-23,,16:43,,Ewallet,5.3
597-78-7908,C,Naypyitaw,,Normal,Male,Fashion accessories,,3,,18-02-23,,19:39,,Cash,6.2
700-81-1757,A,Yangon,,Normal,Female,Electronic accessories,,5,,18-01-23,,20:59,,Credit card,8.8
354-39-5160,A,Yangon,,Member,Female,Home and lifestyle,,6,,18-02-23,,15:39,,Cash,9.8
241-72-9525,B,Mandalay,,Normal,Male,Sports and travel,,10,,16-02-23,,12:21,,Cash,8.2
575-30-8091,A,Yangon,,Normal,Male,Sports and travel,,8,,16-03-23,,19:25,,Ewallet,9.2
731-81-9469,C,Naypyitaw,,Member,Female,Sports and travel,,10,,23-01-23,,13:00,,Credit card,5.4
280-17-4359,C,Naypyitaw,,Member,Male,Health and beauty,,10,,25-01-23,,13:48,,Cash,8.1
338-65-2210,C,Naypyitaw,,Member,Female,Health and beauty,,10,,05-02-23,,19:57,,Cash,9.1
488-25-4221,C,Naypyitaw,,Member,Female,Food and beverages,,1,,22-02-23,,10:36,,Credit card,8.4
239-10-7476,A,Yangon,,Normal,Female,Home and lifestyle,,6,,21-01-23,,16:37,,Ewallet,8
458-41-1477,C,Naypyitaw,,Normal,Female,Health and beauty,,6,,08-03-23,,17:11,,Credit card,9.5
685-64-1609,A,Yangon,,Member,Female,Fashion accessories,,10,,10-02-23,,12:28,,Ewallet,9.2
568-90-5112,C,Naypyitaw,,Normal,Male,Health and beauty,,4,,23-03-23,,12:46,,Credit card,5.6
262-47-2794,B,Mandalay,,Member,Male,Home and lifestyle,,8,,06-03-23,,15:07,,Credit card,6.2
238-49-0436,A,Yangon,,Normal,Male,Health and beauty,,8,,27-03-23,,13:48,,Credit card,4.9
608-96-3517,B,Mandalay,,Member,Female,Fashion accessories,,4,,23-03-23,,19:20,,Credit card,4.8
584-86-7256,C,Naypyitaw,,Member,Male,Sports and travel,,7,,11-03-23,,16:07,,Credit card,7.3
746-94-0204,A,Yangon,,Normal,Male,Fashion accessories,,9,,29-01-23,,11:56,,Credit card,7.4
214-17-6927,C,Naypyitaw,,Normal,Female,Food and beverages,,6,,07-02-23,,18:23,,Ewallet,9.9
400-89-4171,C,Naypyitaw,,Normal,Female,Sports and travel,,8,,28-01-23,,13:05,,Cash,9.3
782-95-9291,A,Yangon,,Member,Male,Food and beverages,,5,,20-02-23,,15:55,,Credit card,9
279-74-2924,B,Mandalay,,Member,Male,Electronic accessories,,1,,04-01-23,,19:40,,Cash,6.1
307-85-2293,B,Mandalay,,Normal,Male,Home and lifestyle,,5,,07-03-23,,13:58,,Ewallet,9.7
743-04-1105,B,Mandalay,,Member,Male,Health and beauty,,9,,30-03-23,,14:43,,Ewallet,6
423-57-2993,B,Mandalay,,Normal,Male,Sports and travel,,6,,27-03-23,,19:18,,Ewallet,10
894-41-5205,C,Naypyitaw,,Normal,Female,Food and beverages,,8,,23-01-23,,19:39,,Credit card,8.3
275-28-0149,A,Yangon,,Normal,Male,Sports and travel,,1,,25-02-23,,16:21,,Cash,6
101-17-6199,A,Yangon,,Normal,Male,Food and beverages,,7,,13-03-23,,19:44,,Credit card,7
423-80-0988,C,Naypyitaw,,Normal,Male,Sports and travel,,2,,30-01-23,,19:42,,Ewallet,6.5
548-46-9322,B,Mandalay,,Normal,Male,Food and beverages,,10,,20-02-23,,15:24,,Credit card,5.9
505-02-0892,B,Mandalay,,Member,Male,Health and beauty,,8,,25-02-23,,14:12,,Ewallet,5.6
234-65-2137,C,Naypyitaw,,Normal,Male,Home and lifestyle,,10,,16-01-23,,13:32,,Cash,4.8
687-47-8271,A,Yangon,,Normal,Male,Fashion accessories,,10,,08-02-23,,16:20,,Credit card,8.7
796-32-9050,A,Yangon,,Normal,Male,Food and beverages,,6,,23-01-23,,16:31,,Cash,6.5
105-31-1824,A,Yangon,,Member,Male,Sports and travel,,7,,01-02-23,,15:10,,Credit card,8.5
249-42-3782,A,Yangon,,Normal,Male,Health and beauty,,5,,03-01-23,,11:36,,Ewallet,5.5
316-55-4634,B,Mandalay,,Member,Male,Food and beverages,,5,,26-01-23,,12:45,,Credit card,9.4
733-33-4967,C,Naypyitaw,,Normal,Male,Electronic accessories,,8,,03-03-23,,19:17,,Cash,6.3
608-27-6295,B,Mandalay,,Member,Male,Electronic accessories,,6,,23-01-23,,17:34,,Credit card,9.8
414-12-7047,B,Mandalay,,Normal,Male,Food and beverages,,8,,18-01-23,,12:04,,Ewallet,8.7
827-26-2100,A,Yangon,,Member,Male,Home and lifestyle,,9,,21-03-23,,16:21,,Ewallet,8.8
175-54-2529,A,Yangon,,Member,Male,Food and beverages,,8,,03-03-23,,17:01,,Credit card,9.6
139-52-2867,C,Naypyitaw,,Normal,Female,Fashion accessories,,7,,13-02-23,,10:50,,Credit card,4.8
407-63-8975,A,Yangon,,Normal,Male,Food and beverages,,6,,23-03-23,,19:16,,Ewallet,4.4
342-65-4817,C,Naypyitaw,,Member,Male,Health and beauty,,3,,28-01-23,,16:47,,Ewallet,9.9
130-98-8941,C,Naypyitaw,,Normal,Male,Fashion accessories,,7,,09-02-23,,10:00,,Cash,5.7
434-83-9547,C,Naypyitaw,,Member,Male,Food and beverages,,8,,23-01-23,,11:51,,Cash,7.7
851-28-6367,A,Yangon,,Member,Male,Sports and travel,,10,,23-03-23,,10:55,,Ewallet,8
824-88-3614,C,Naypyitaw,,Normal,Male,Health and beauty,,8,,25-01-23,,15:00,,Ewallet,5.7
586-25-0848,A,Yangon,,Normal,Female,Sports and travel,,7,,04-03-23,,11:19,,Credit card,6.7
,,,,,,,,,,,,,,,
,,,,,,,,,,,,,,,
,,,,,,,,,,,,,,,
,,,,,,,,,,,,,,,
,,,,,,,,,,,,,,,
895-66-0685,B,Mandalay,,Member,Male,Food and beverages,,3,,05-03-23,,19:46,,Ewallet,8
305-14-0245,B,Mandalay,,Member,Female,Home and lifestyle,,8,,03-03-23,,19:00,,Ewallet,7.5
732-04-5373,B,Mandalay,,Member,Male,Home and lifestyle,,4,,08-02-23,,10:53,,Cash,7
400-60-7251,A,Yangon,,Normal,Male,Home and lifestyle,,1,,10-02-23,,12:50,,Ewallet,9.9
593-65-1552,C,Naypyitaw,,Normal,Female,Home and lifestyle,,4,,28-01-23,,20:50,,Credit card,5.9
284-34-9626,B,Mandalay,,Normal,Female,Home and lifestyle,,3,,11-02-23,,10:39,,Credit card,7.2
437-58-8131,B,Mandalay,,Normal,Female,Fashion accessories,,2,,15-01-23,,13:41,,Ewallet,4.6
286-43-6208,C,Naypyitaw,,Normal,Female,Food and beverages,,9,,16-03-23,,19:08,,Cash,9.2
641-43-2399,B,Mandalay,,Normal,Male,Home and lifestyle,,4,,26-01-23,,20:23,,Ewallet,5.7
831-07-6050,A,Yangon,,Normal,Male,Electronic accessories,,5,,23-03-23,,11:30,,Credit card,9.9
556-86-3144,C,Naypyitaw,,Member,Female,Fashion accessories,,1,,13-01-23,,19:30,,Cash,5
848-24-9445,C,Naypyitaw,,Member,Male,Health and beauty,,2,,26-03-23,,18:03,,Cash,4.9
856-22-8149,A,Yangon,,Normal,Female,Home and lifestyle,,1,,23-03-23,,10:13,,Ewallet,6.1
699-01-4164,C,Naypyitaw,,Normal,Male,Health and beauty,,4,,12-03-23,,19:58,,Credit card,8.2
420-11-4919,C,Naypyitaw,,Member,Female,Food and beverages,,5,,17-02-23,,19:57,,Credit card,5.5
606-80-4905,C,Naypyitaw,,Member,Female,Sports and travel,,6,,29-01-23,,10:01,,Credit card,6.8
542-41-0513,B,Mandalay,,Member,Female,Electronic accessories,,4,,15-03-23,,11:57,,Cash,6.6
426-39-2418,C,Naypyitaw,,Normal,Male,Electronic accessories,,7,,14-01-23,,10:02,,Cash,9.8
875-46-5808,B,Mandalay,,Member,Male,Health and beauty,,10,,06-02-23,,14:51,,Ewallet,8.7
394-43-4238,B,Mandalay,,Member,Male,Home and lifestyle,,5,,15-02-23,,12:42,,Credit card,5.4
749-24-1565,A,Yangon,,Normal,Female,Health and beauty,,9,,03-01-23,,12:02,,Ewallet,7.9
672-51-8681,C,Naypyitaw,,Member,Female,Electronic accessories,,9,,04-01-23,,18:19,,Credit card,9.7
263-87-5680,C,Naypyitaw,,Member,Female,Home and lifestyle,,10,,18-03-23,,17:38,,Ewallet,7.8
573-58-9734,B,Mandalay,,Normal,Female,Fashion accessories,,3,,28-03-23,,13:41,,Ewallet,5.1
817-69-8206,B,Mandalay,,Normal,Female,Electronic accessories,,9,,02-03-23,,19:42,,Credit card,6.5
888-02-0338,A,Yangon,,Normal,Male,Electronic accessories,,9,,25-01-23,,20:24,,Ewallet,5.9
677-11-0152,C,Naypyitaw,,Normal,Female,Food and beverages,,9,,16-01-23,,18:08,,Cash,8.8
142-63-6033,B,Mandalay,,Normal,Male,Home and lifestyle,,5,,20-03-23,,19:17,,Ewallet,4.9
656-16-1063,B,Mandalay,,Normal,Male,Sports and travel,,3,,04-01-23,,13:24,,Credit card,4.4
891-58-8335,B,Mandalay,,Member,Female,Sports and travel,,7,,11-03-23,,15:53,,Cash,6.5
802-43-8934,A,Yangon,,Normal,Male,Home and lifestyle,,1,,22-03-23,,15:05,,Credit card,8.3
560-30-5617,B,Mandalay,,Normal,Female,Sports and travel,,5,,24-03-23,,18:27,,Cash,8.5
319-74-2561,A,Yangon,,Member,Female,Electronic accessories,,3,,21-02-23,,16:55,,Cash,5.5
549-03-9315,B,Mandalay,,Normal,Male,Fashion accessories,,8,,12-02-23,,12:58,,Ewallet,8.7
790-29-1172,B,Mandalay,,Normal,Female,Food and beverages,,3,,10-03-23,,18:59,,Credit card,7.9
239-36-3640,B,Mandalay,,Normal,Male,Electronic accessories,,6,,31-01-23,,13:44,,Ewallet,6.1
468-01-2051,B,Mandalay,,Normal,Male,Food and beverages,,7,,06-03-23,,13:46,,Ewallet,5.4
389-25-3394,C,Naypyitaw,,Normal,Male,Electronic accessories,,5,,17-02-23,,18:06,,Cash,9.4
279-62-1445,C,Naypyitaw,,Member,Female,Fashion accessories,,1,,21-02-23,,12:38,,Cash,8.2
213-72-6612,A,Yangon,,Normal,Male,Food and beverages,,2,,20-03-23,,15:56,,Cash,6.2
746-68-6593,C,Naypyitaw,,Member,Female,Sports and travel,,2,,11-01-23,,14:29,,Credit card,9.7
836-82-5858,B,Mandalay,,Member,Male,Health and beauty,,9,,26-01-23,,19:14,,Ewallet,4
583-72-1480,C,Naypyitaw,,Member,Male,Electronic accessories,,4,,31-01-23,,16:24,,Ewallet,9.7
466-61-5506,B,Mandalay,,Member,Female,Electronic accessories,,6,,26-02-23,,10:52,,Cash,5.3
721-86-6247,A,Yangon,,Normal,Female,Home and lifestyle,,8,,11-03-23,,12:55,,Ewallet,7.4
289-65-5721,B,Mandalay,,Normal,Female,Fashion accessories,,2,,26-01-23,,19:28,,Cash,6.5
545-46-3100,B,Mandalay,,Member,Female,Electronic accessories,,3,,12-03-23,,13:52,,Credit card,8.7
418-02-5978,B,Mandalay,,Normal,Female,Health and beauty,,9,,11-02-23,,10:54,,Cash,8
269-04-5750,B,Mandalay,,Member,Male,Fashion accessories,,4,,21-02-23,,18:31,,Cash,6.7
157-13-5295,A,Yangon,,Member,Male,Health and beauty,,10,,09-03-23,,18:24,,Ewallet,6.5
645-78-8093,A,Yangon,,Normal,Female,Sports and travel,,2,,20-01-23,,18:09,,Ewallet,4.1
211-30-9270,C,Naypyitaw,,Normal,Male,Health and beauty,,5,,28-01-23,,15:16,,Credit card,4.9
755-12-3214,C,Naypyitaw,,Member,Female,Fashion accessories,,5,,05-03-23,,17:07,,Credit card,8.6
346-84-3103,B,Mandalay,,Member,Female,Electronic accessories,,5,,02-03-23,,19:26,,Cash,4.3
478-06-7835,A,Yangon,,Normal,Male,Fashion accessories,,1,,11-01-23,,11:20,,Ewallet,4.9
540-11-4336,A,Yangon,,Normal,Male,Food and beverages,,9,,11-01-23,,16:49,,Credit card,5.6
448-81-5016,A,Yangon,,Normal,Male,Health and beauty,,2,,11-03-23,,12:01,,Credit card,5.8
142-72-4741,C,Naypyitaw,,Member,Male,Fashion accessories,,2,,28-02-23,,18:37,,Credit card,6
217-58-1179,A,Yangon,,Member,Male,Home and lifestyle,,4,,05-01-23,,11:25,,Cash,4.2
376-02-8238,B,Mandalay,,Normal,Male,Home and lifestyle,,8,,02-02-23,,18:42,,Credit card,8.3
530-90-9855,A,Yangon,,Member,Male,Home and lifestyle,,8,,01-01-23,,14:47,,Cash,5.7
866-05-7563,B,Mandalay,,Member,Female,Electronic accessories,,3,,09-02-23,,19:43,,Cash,4.8
604-70-6476,A,Yangon,,Member,Male,Fashion accessories,,5,,23-01-23,,14:04,,Ewallet,6.8
799-71-1548,A,Yangon,,Member,Male,Electronic accessories,,4,,07-01-23,,16:11,,Credit card,8.8
785-13-7708,B,Mandalay,,Normal,Male,Food and beverages,,7,,14-01-23,,19:06,,Credit card,4.2
845-51-0542,B,Mandalay,,Member,Male,Food and beverages,,9,,02-02-23,,15:34,,Ewallet,6.4
662-47-5456,C,Naypyitaw,,Member,Male,Fashion accessories,,10,,17-03-23,,19:06,,Credit card,8.4
883-17-4236,C,Naypyitaw,,Normal,Female,Sports and travel,,2,,02-03-23,,19:44,,Credit card,7.2
290-68-2984,A,Yangon,,Normal,Male,Home and lifestyle,,4,,16-03-23,,11:22,,Cash,5.2
704-11-6354,A,Yangon,,Member,Male,Home and lifestyle,,8,,06-01-23,,11:23,,Cash,8.9
110-48-7033,B,Mandalay,,Member,Male,Fashion accessories,,4,,29-01-23,,14:12,,Cash,9
366-93-0948,A,Yangon,,Member,Male,Electronic accessories,,1,,31-01-23,,10:46,,Credit card,9.7
729-09-9681,A,Yangon,,Member,Male,Home and lifestyle,,6,,05-02-23,,10:16,,Ewallet,8.7
151-16-1484,A,Yangon,,Member,Male,Electronic accessories,,4,,13-02-23,,12:38,,Ewallet,6.5
380-94-4661,C,Naypyitaw,,Member,Male,Electronic accessories,,4,,07-02-23,,13:05,,Credit card,6.9
850-41-9669,A,Yangon,,Normal,Female,Electronic accessories,,9,,23-03-23,,13:25,,Ewallet,6.2
821-07-3596,C,Naypyitaw,,Normal,Female,Fashion accessories,,4,,07-03-23,,14:53,,Ewallet,5.6
655-85-5130,B,Mandalay,,Member,Female,Fashion accessories,,4,,13-03-23,,19:22,,Cash,5.7
447-15-7839,A,Yangon,,Member,Female,Sports and travel,,10,,09-02-23,,11:00,,Cash,4.2
154-74-7179,B,Mandalay,,Normal,Male,Sports and travel,,1,,26-02-23,,19:24,,Ewallet,7.9
253-12-6086,A,Yangon,,Member,Female,Sports and travel,,7,,12-03-23,,12:43,,Credit card,8.7
808-65-0703,C,Naypyitaw,,Normal,Male,Home and lifestyle,,4,,14-03-23,,17:22,,Credit card,6.9
571-94-0759,B,Mandalay,,Member,Female,Food and beverages,,10,,08-01-23,,20:55,,Cash,9.5
144-51-6085,A,Yangon,,Member,Male,Home and lifestyle,,4,,05-01-23,,16:05,,Credit card,4.4
731-14-2199,A,Yangon,,Member,Female,Home and lifestyle,,10,,04-01-23,,13:34,,Ewallet,7
783-09-1637,B,Mandalay,,Normal,Female,Sports and travel,,5,,06-03-23,,18:13,,Ewallet,6.3
687-15-1097,C,Naypyitaw,,Member,Female,Health and beauty,,2,,03-01-23,,19:17,,Cash,9.7
126-54-1082,A,Yangon,,Member,Female,Home and lifestyle,,9,,07-01-23,,11:44,,Credit card,8.8
633-91-1052,A,Yangon,,Normal,Female,Home and lifestyle,,2,,27-01-23,,15:51,,Cash,5.1
477-24-6490,B,Mandalay,,Normal,Female,Health and beauty,,6,,26-02-23,,16:52,,Ewallet,7.9
566-19-5475,B,Mandalay,,Normal,Male,Fashion accessories,,7,,07-01-23,,20:52,,Cash,6.2
526-86-8552,C,Naypyitaw,,Member,Female,Home and lifestyle,,10,,07-01-23,,17:36,,Cash,7.1
376-56-3573,C,Naypyitaw,,Normal,Female,Fashion accessories,,4,,02-02-23,,13:23,,Ewallet,6.4
537-72-0426,C,Naypyitaw,,Member,Male,Fashion accessories,,10,,20-03-23,,16:28,,Cash,5.7
828-61-5674,A,Yangon,,Member,Male,Sports and travel,,10,,20-03-23,,19:57,,Credit card,9.6
136-08-6195,A,Yangon,,Normal,Female,Home and lifestyle,,8,,15-02-23,,17:01,,Credit card,6.4
523-38-0215,C,Naypyitaw,,Normal,Male,Home and lifestyle,,1,,06-03-23,,13:29,,Credit card,7.9
490-29-1201,A,Yangon,,Normal,Female,Sports and travel,,1,,06-01-23,,11:09,,Cash,6.5
667-92-0055,A,Yangon,,Member,Male,Health and beauty,,6,,04-03-23,,15:02,,Ewallet,8.5
565-17-3836,A,Yangon,,Member,Female,Health and beauty,,4,,12-03-23,,14:21,,Cash,9.1
498-41-1961,B,Mandalay,,Normal,Male,Health and beauty,,5,,20-02-23,,18:01,,Cash,7.6
593-95-4461,C,Naypyitaw,,Member,Male,Home and lifestyle,,1,,24-03-23,,14:49,,Cash,6.9
226-71-3580,C,Naypyitaw,,Normal,Female,Sports and travel,,9,,31-01-23,,12:02,,Cash,9.5
283-79-9594,B,Mandalay,,Normal,Female,Food and beverages,,7,,25-01-23,,13:30,,Credit card,5.2
430-60-3493,A,Yangon,,Member,Female,Home and lifestyle,,7,,03-02-23,,14:38,,Cash,4.2
139-20-0155,B,Mandalay,,Member,Male,Electronic accessories,,10,,24-01-23,,17:37,,Credit card,7
558-80-4082,C,Naypyitaw,,Normal,Male,Electronic accessories,,7,,14-03-23,,17:20,,Ewallet,6
278-97-7759,A,Yangon,,Member,Female,Electronic accessories,,1,,18-02-23,,20:29,,Cash,4.7
316-68-6352,A,Yangon,,Member,Female,Food and beverages,,2,,21-01-23,,10:00,,Cash,7.1
585-03-5943,B,Mandalay,,Normal,Male,Health and beauty,,10,,13-03-23,,11:46,,Ewallet,5.9
211-05-0490,C,Naypyitaw,,Member,Female,Electronic accessories,,5,,03-03-23,,13:42,,Cash,7.5
727-75-6477,C,Naypyitaw,,Normal,Male,Electronic accessories,,4,,29-03-23,,14:44,,Cash,6.4
744-02-5987,A,Yangon,,Member,Male,Home and lifestyle,,6,,10-01-23,,14:16,,Ewallet,5.8
307-83-9164,A,Yangon,,Member,Male,Home and lifestyle,,4,,25-01-23,,15:54,,Cash,4.5
779-06-0012,C,Naypyitaw,,Member,Female,Home and lifestyle,,1,,23-01-23,,10:21,,Cash,7.7
446-47-6729,C,Naypyitaw,,Normal,Male,Fashion accessories,,2,,02-01-23,,18:09,,Credit card,6.7
573-10-3877,B,Mandalay,,Member,Male,Health and beauty,,1,,12-03-23,,16:46,,Credit card,4.7
735-06-4124,C,Naypyitaw,,Normal,Male,Food and beverages,,1,,25-02-23,,15:31,,Cash,4.4
439-54-7422,A,Yangon,,Normal,Female,Electronic accessories,,4,,18-03-23,,17:15,,Credit card,4.7
,,,,,,,,,,,,,,,
,,,,,,,,,,,,,,,
,,,,,,,,,,,,,,,
,,,,,,,,,,,,,,,
396-90-2219,B,Mandalay,,Normal,Female,Electronic accessories,,8,,23-02-23,,12:29,,Cash,8.6
411-77-0180,A,Yangon,,Member,Male,Electronic accessories,,7,,26-03-23,,20:14,,Ewallet,4.3
286-01-5402,A,Yangon,,Normal,Female,Sports and travel,,7,,30-03-23,,13:22,,Cash,9.6
803-17-8013,A,Yangon,,Member,Female,Home and lifestyle,,8,,17-02-23,,17:09,,Cash,4.1
512-98-1403,A,Yangon,,Member,Female,Electronic accessories,,3,,21-03-23,,10:40,,Ewallet,4.7
848-42-2560,A,Yangon,,Normal,Female,Fashion accessories,,2,,05-03-23,,17:43,,Cash,7.8
532-59-7201,B,Mandalay,,Member,Male,Sports and travel,,6,,31-01-23,,14:04,,Cash,5.5
181-94-6432,C,Naypyitaw,,Member,Male,Fashion accessories,,2,,05-02-23,,19:05,,Ewallet,9.7
870-76-1733,A,Yangon,,Member,Female,Food and beverages,,5,,01-02-23,,10:08,,Credit card,4.4
423-64-4619,A,Yangon,,Member,Female,Health and beauty,,9,,07-03-23,,13:12,,Cash,5
227-07-4446,C,Naypyitaw,,Member,Female,Electronic accessories,,10,,10-02-23,,20:51,,Cash,4.4
174-36-3675,C,Naypyitaw,,Member,Male,Food and beverages,,2,,14-02-23,,17:29,,Cash,5.2
428-83-5800,C,Naypyitaw,,Member,Female,Food and beverages,,3,,09-02-23,,10:25,,Cash,7.3
603-07-0961,C,Naypyitaw,,Member,Male,Electronic accessories,,5,,10-01-23,,11:34,,Cash,4.9
704-20-4138,C,Naypyitaw,,Member,Female,Health and beauty,,7,,11-03-23,,18:58,,Credit card,8.1
787-15-1757,C,Naypyitaw,,Member,Male,Health and beauty,,4,,18-02-23,,16:28,,Ewallet,8.4
649-11-3678,C,Naypyitaw,,Normal,Female,Food and beverages,,9,,26-02-23,,20:26,,Cash,5.5
622-20-1945,C,Naypyitaw,,Normal,Female,Health and beauty,,1,,18-01-23,,15:08,,Cash,8.4
372-94-8041,A,Yangon,,Normal,Male,Health and beauty,,6,,15-02-23,,18:03,,Ewallet,9.8
563-91-7120,A,Yangon,,Normal,Female,Fashion accessories,,5,,08-03-23,,13:21,,Cash,6.7
746-54-5508,A,Yangon,,Normal,Male,Home and lifestyle,,6,,17-01-23,,12:48,,Credit card,9.4
276-54-0879,B,Mandalay,,Normal,Male,Sports and travel,,4,,12-03-23,,19:53,,Ewallet,6.4
815-11-1168,A,Yangon,,Member,Male,Food and beverages,,5,,09-03-23,,19:09,,Cash,5.4
719-76-3868,C,Naypyitaw,,Member,Male,Food and beverages,,4,,12-03-23,,16:30,,Cash,8.6
730-61-8757,B,Mandalay,,Member,Male,Health and beauty,,4,,25-01-23,,10:11,,Credit card,4
340-66-0321,A,Yangon,,Member,Male,Electronic accessories,,4,,25-03-23,,13:07,,Cash,7.6
868-81-1752,B,Mandalay,,Normal,Male,Home and lifestyle,,9,,07-02-23,,18:48,,Cash,6.8
634-97-8956,A,Yangon,,Normal,Male,Food and beverages,,3,,17-02-23,,17:27,,Credit card,9.1
566-71-1091,A,Yangon,,Normal,Male,Fashion accessories,,5,,03-02-23,,15:59,,Cash,5.5
442-48-3607,A,Yangon,,Member,Male,Food and beverages,,2,,14-03-23,,11:21,,Credit card,7.9
835-16-0096,C,Naypyitaw,,Member,Male,Sports and travel,,5,,24-03-23,,13:48,,Ewallet,8.5
527-09-6272,A,Yangon,,Member,Female,Electronic accessories,,5,,21-03-23,,10:17,,Credit card,9.1
898-04-2717,A,Yangon,,Normal,Male,Fashion accessories,,9,,23-03-23,,15:49,,Ewallet,7.5
692-27-8933,B,Mandalay,,Normal,Female,Sports and travel,,6,,24-02-23,,13:02,,Cash,5.2
633-09-3463,C,Naypyitaw,,Normal,Female,Electronic accessories,,3,,28-03-23,,12:58,,Credit card,9.5
374-17-3652,B,Mandalay,,Member,Female,Food and beverages,,9,,05-02-23,,15:26,,Credit card,8.9
378-07-7001,B,Mandalay,,Member,Male,Electronic accessories,,3,,10-02-23,,18:23,,Credit card,7.8
433-75-6987,B,Mandalay,,Member,Female,Health and beauty,,7,,05-03-23,,19:06,,Ewallet,8.9
873-95-4984,B,Mandalay,,Member,Female,Health and beauty,,7,,15-02-23,,20:21,,Cash,7.7
416-13-5917,C,Naypyitaw,,Normal,Female,Food and beverages,,5,,30-01-23,,16:24,,Ewallet,9.3
150-89-8043,A,Yangon,,Normal,Male,Sports and travel,,3,,14-02-23,,15:04,,Cash,6.2
135-84-8019,A,Yangon,,Normal,Female,Fashion accessories,,9,,27-02-23,,16:10,,Ewallet,7.6
441-94-7118,A,Yangon,,Member,Male,Electronic accessories,,1,,04-02-23,,12:14,,Cash,7.3
725-96-3778,C,Naypyitaw,,Member,Female,Home and lifestyle,,8,,20-01-23,,10:13,,Cash,4.7
531-80-1784,A,Yangon,,Normal,Male,Electronic accessories,,7,,28-03-23,,17:38,,Cash,5.1
400-45-1220,B,Mandalay,,Normal,Female,Health and beauty,,10,,27-02-23,,11:06,,Credit card,4.8
860-79-0874,C,Naypyitaw,,Member,Female,Fashion accessories,,10,,15-02-23,,14:53,,Credit card,6.6
834-61-8124,A,Yangon,,Normal,Male,Electronic accessories,,7,,26-01-23,,18:22,,Cash,5.5
115-99-4379,B,Mandalay,,Member,Female,Fashion accessories,,7,,14-03-23,,19:02,,Credit card,8.5
565-67-6697,B,Mandalay,,Member,Male,Home and lifestyle,,9,,02-03-23,,14:16,,Cash,4.8
320-49-6392,C,Naypyitaw,,Normal,Female,Electronic accessories,,1,,04-03-23,,15:44,,Cash,8.4
889-04-9723,B,Mandalay,,Member,Female,Food and beverages,,4,,07-01-23,,12:20,,Credit card,7.8
632-90-0281,C,Naypyitaw,,Normal,Female,Fashion accessories,,10,,08-03-23,,20:01,,Credit card,9.3
554-42-2417,C,Naypyitaw,,Normal,Female,Sports and travel,,10,,09-01-23,,13:45,,Cash,5.2
453-63-6187,B,Mandalay,,Normal,Male,Electronic accessories,,3,,01-03-23,,15:40,,Ewallet,6.5
578-80-7669,B,Mandalay,,Normal,Male,Sports and travel,,1,,16-03-23,,16:58,,Cash,5.6
612-36-5536,A,Yangon,,Member,Male,Food and beverages,,8,,17-02-23,,11:12,,Credit card,7.4
605-72-4132,C,Naypyitaw,,Normal,Female,Food and beverages,,8,,27-02-23,,15:12,,Cash,9.1
471-41-2823,C,Naypyitaw,,Normal,Male,Food and beverages,,2,,07-03-23,,20:37,,Ewallet,8
462-67-9126,A,Yangon,,Normal,Male,Home and lifestyle,,6,,21-01-23,,17:44,,Cash,7.2
272-27-9238,C,Naypyitaw,,Normal,Female,Food and beverages,,4,,23-02-23,,16:23,,Cash,7.1
834-25-9262,C,Naypyitaw,,Normal,Female,Fashion accessories,,4,,06-01-23,,12:12,,Cash,9.1
122-61-9553,C,Naypyitaw,,Normal,Female,Electronic accessories,,9,,14-03-23,,19:33,,Cash,5.6
468-88-0009,A,Yangon,,Member,Male,Home and lifestyle,,4,,24-03-23,,10:29,,Cash,6
613-59-9758,C,Naypyitaw,,Normal,Female,Sports and travel,,10,,27-01-23,,14:28,,Cash,5.4
254-31-0042,A,Yangon,,Member,Male,Electronic accessories,,9,,06-03-23,,12:46,,Credit card,7.8
201-86-2184,B,Mandalay,,Member,Female,Electronic accessories,,7,,02-02-23,,19:40,,Cash,9.9
261-12-8671,B,Mandalay,,Normal,Female,Fashion accessories,,2,,25-01-23,,19:39,,Credit card,4.9
730-70-9830,C,Naypyitaw,,Normal,Female,Home and lifestyle,,6,,14-03-23,,17:54,,Ewallet,5.2
382-25-8917,C,Naypyitaw,,Normal,Male,Fashion accessories,,6,,29-01-23,,12:25,,Cash,8.9
422-29-8786,A,Yangon,,Normal,Female,Home and lifestyle,,5,,03-01-23,,16:47,,Credit card,9.1
667-23-5919,A,Yangon,,Member,Female,Fashion accessories,,5,,14-01-23,,12:52,,Ewallet,7
843-01-4703,B,Mandalay,,Member,Female,Home and lifestyle,,9,,05-01-23,,19:50,,Credit card,9.6
743-88-1662,C,Naypyitaw,,Normal,Male,Sports and travel,,7,,22-02-23,,18:17,,Ewallet,8.7
595-86-2894,C,Naypyitaw,,Member,Male,Fashion accessories,,4,,06-02-23,,17:20,,Ewallet,9.4
182-69-8360,B,Mandalay,,Normal,Female,Electronic accessories,,4,,30-01-23,,13:32,,Credit card,4
289-15-7034,A,Yangon,,Member,Male,Sports and travel,,4,,11-01-23,,10:37,,Credit card,7.5
462-78-5240,C,Naypyitaw,,Normal,Female,Electronic accessories,,2,,23-03-23,,14:35,,Cash,4.2
868-52-7573,B,Mandalay,,Normal,Female,Food and beverages,,5,,14-01-23,,12:09,,Cash,9.9
153-58-4872,C,Naypyitaw,,Member,Female,Food and beverages,,4,,01-03-23,,15:32,,Ewallet,4.2
662-72-2873,A,Yangon,,Normal,Female,Food and beverages,,5,,06-01-23,,13:58,,Ewallet,9.9
525-88-7307,B,Mandalay,,Member,Male,Sports and travel,,1,,31-01-23,,13:19,,Cash,5.8
689-16-9784,C,Naypyitaw,,Normal,Male,Food and beverages,,6,,11-03-23,,13:37,,Cash,6
725-56-0833,A,Yangon,,Normal,Female,Health and beauty,,10,,20-02-23,,16:49,,Credit card,10
394-41-0748,C,Naypyitaw,,Member,Female,Fashion accessories,,9,,27-01-23,,14:55,,Ewallet,9.5
596-42-3999,B,Mandalay,,Normal,Male,Food and beverages,,7,,10-03-23,,14:04,,Credit card,6.6
541-89-9860,C,Naypyitaw,,Member,Female,Fashion accessories,,3,,15-02-23,,12:31,,Cash,8.1
173-82-9529,B,Mandalay,,Normal,Female,Fashion accessories,,10,,26-01-23,,14:51,,Cash,9.7
563-36-9814,A,Yangon,,Member,Male,Electronic accessories,,1,,13-02-23,,18:27,,Ewallet,7.2
308-47-4913,A,Yangon,,Member,Female,Sports and travel,,10,,09-03-23,,12:45,,Credit card,6.2
885-17-6250,A,Yangon,,Normal,Female,Health and beauty,,1,,06-03-23,,10:36,,Ewallet,7.3
726-27-2396,A,Yangon,,Normal,Female,Health and beauty,,5,,24-01-23,,20:36,,Ewallet,4.3
316-01-3952,A,Yangon,,Normal,Female,Food and beverages,,5,,13-03-23,,14:16,,Ewallet,4.6
760-54-1821,B,Mandalay,,Normal,Male,Home and lifestyle,,9,,15-03-23,,10:26,,Cash,5.8
793-10-3222,B,Mandalay,,Member,Female,Health and beauty,,6,,05-03-23,,13:30,,Credit card,8.3
346-12-3257,B,Mandalay,,Member,Male,Electronic accessories,,9,,04-03-23,,16:28,,Cash,8
110-05-6330,C,Naypyitaw,,Normal,Female,Food and beverages,,6,,25-03-23,,20:18,,Credit card,9.4
651-61-0874,C,Naypyitaw,,Normal,Male,Home and lifestyle,,4,,12-03-23,,20:04,,Credit card,6.2
236-86-3015,C,Naypyitaw,,Member,Male,Home and lifestyle,,1,,04-02-23,,13:38,,Ewallet,9.8
831-64-0259,B,Mandalay,,Normal,Female,Fashion accessories,,5,,22-02-23,,10:43,,Ewallet,9.6
587-03-7455,C,Naypyitaw,,Member,Female,Fashion accessories,,7,,16-02-23,,17:30,,Ewallet,4.9
882-40-4577,A,Yangon,,Member,Male,Sports and travel,,4,,23-01-23,,15:28,,Credit card,8
732-67-5346,A,Yangon,,Normal,Male,Food and beverages,,5,,11-01-23,,19:07,,Credit card,7.8
725-32-9708,B,Mandalay,,Member,Female,Fashion accessories,,4,,04-01-23,,19:01,,Cash,4.1
256-08-8343,A,Yangon,,Normal,Female,Home and lifestyle,,4,,04-03-23,,19:48,,Ewallet,5.5
372-26-1506,C,Naypyitaw,,Normal,Female,Fashion accessories,,5,,28-01-23,,19:24,,Ewallet,5.4
244-08-0162,B,Mandalay,,Normal,Female,Health and beauty,,10,,02-01-23,,13:00,,Cash,5.1
569-71-4390,B,Mandalay,,Normal,Male,Sports and travel,,2,,25-01-23,,14:29,,Ewallet,6.9
132-23-6451,A,Yangon,,Member,Male,Health and beauty,,5,,04-01-23,,13:21,,Cash,7.8
696-90-2548,A,Yangon,,Normal,Male,Sports and travel,,3,,10-03-23,,18:55,,Ewallet,6.6
472-15-9636,A,Yangon,,Normal,Male,Home and lifestyle,,8,,22-03-23,,19:36,,Ewallet,9.2
268-03-6164,B,Mandalay,,Normal,Male,Health and beauty,,1,,25-01-23,,16:28,,Ewallet,7.8
750-57-9686,C,Naypyitaw,,Normal,Female,Home and lifestyle,,4,,08-01-23,,13:48,,Credit card,8.7
186-09-3669,C,Naypyitaw,,Member,Female,Health and beauty,,1,,22-01-23,,10:57,,Ewallet,9.2
848-07-1692,B,Mandalay,,Normal,Female,Health and beauty,,2,,12-01-23,,17:13,,Ewallet,8.3
745-71-3520,A,Yangon,,Member,Female,Electronic accessories,,7,,04-02-23,,10:23,,Cash,8.2
266-76-6436,C,Naypyitaw,,Member,Female,Food and beverages,,3,,28-03-23,,13:57,,Ewallet,7.5
740-22-2500,C,Naypyitaw,,Normal,Female,Electronic accessories,,3,,23-01-23,,13:29,,Cash,9.8
271-88-8734,C,Naypyitaw,,Member,Female,Fashion accessories,,10,,08-02-23,,13:00,,Credit card,8.7
301-81-8610,B,Mandalay,,Member,Male,Fashion accessories,,8,,23-03-23,,19:42,,Credit card,6.7
489-64-4354,C,Naypyitaw,,Normal,Male,Fashion accessories,,1,,09-03-23,,15:36,,Cash,5
198-84-7132,B,Mandalay,,Member,Male,Fashion accessories,,9,,02-01-23,,13:40,,Cash,7
269-10-8440,A,Yangon,,Member,Male,Health and beauty,,7,,21-01-23,,18:01,,Cash,8.9
650-98-6268,B,Mandalay,,Member,Female,Food and beverages,,3,,20-03-23,,13:53,,Credit card,8
741-73-3559,B,Mandalay,,Normal,Male,Sports and travel,,5,,27-02-23,,17:27,,Cash,6.9
325-77-6186,A,Yangon,,Member,Female,Home and lifestyle,,10,,08-03-23,,10:53,,Ewallet,7.3
286-75-7818,B,Mandalay,,Normal,Male,Fashion accessories,,2,,31-01-23,,19:48,,Credit card,6.9
574-57-9721,C,Naypyitaw,,Normal,Male,Food and beverages,,2,,08-03-23,,16:53,,Ewallet,5.7
459-50-7686,A,Yangon,,Normal,Female,Electronic accessories,,6,,13-01-23,,19:14,,Ewallet,6.4
616-87-0016,B,Mandalay,,Normal,Male,Fashion accessories,,7,,09-03-23,,14:36,,Credit card,9.6
837-55-7229,B,Mandalay,,Normal,Female,Fashion accessories,,1,,22-02-23,,18:19,,Credit card,6.8
751-69-0068,C,Naypyitaw,,Normal,Male,Sports and travel,,9,,23-03-23,,19:09,,Ewallet,9
257-73-1380,C,Naypyitaw,,Member,Male,Sports and travel,,4,,20-01-23,,16:51,,Ewallet,9.6
345-08-4992,A,Yangon,,Normal,Male,Home and lifestyle,,6,,08-03-23,,15:37,,Credit card,7.7
549-96-4200,C,Naypyitaw,,Member,Male,Food and beverages,,4,,08-03-23,,20:15,,Ewallet,7
810-60-6344,C,Naypyitaw,,Normal,Female,Electronic accessories,,8,,07-02-23,,14:38,,Credit card,6.5
450-28-2866,C,Naypyitaw,,Member,Male,Food and beverages,,5,,15-01-23,,19:25,,Cash,8.1
394-30-3170,B,Mandalay,,Member,Female,Sports and travel,,8,,22-03-23,,19:35,,Credit card,4.3
138-17-5109,A,Yangon,,Member,Female,Home and lifestyle,,9,,15-01-23,,15:42,,Credit card,6.5
192-98-7397,C,Naypyitaw,,Normal,Male,Fashion accessories,,1,,08-01-23,,14:11,,Ewallet,9.5
301-11-9629,A,Yangon,,Normal,Female,Sports and travel,,7,,15-01-23,,10:43,,Cash,9.7
390-80-5128,B,Mandalay,,Member,Female,Health and beauty,,1,,28-01-23,,17:58,,Credit card,9.5
235-46-8343,C,Naypyitaw,,Member,Male,Food and beverages,,10,,14-02-23,,11:26,,Credit card,8.9
453-12-7053,C,Naypyitaw,,Normal,Male,Fashion accessories,,3,,10-03-23,,17:38,,Credit card,6.5
296-11-7041,B,Mandalay,,Member,Female,Health and beauty,,1,,12-01-23,,20:07,,Credit card,5.3
449-27-2918,B,Mandalay,,Member,Female,Sports and travel,,1,,26-03-23,,11:02,,Credit card,9.6
891-01-7034,B,Mandalay,,Normal,Female,Electronic accessories,,6,,01-01-23,,19:07,,Cash,6.7
744-09-5786,B,Mandalay,,Normal,Male,Electronic accessories,,6,,02-01-23,,18:50,,Cash,7.6
727-17-0390,A,Yangon,,Normal,Female,Food and beverages,,5,,16-03-23,,12:43,,Ewallet,4.8
568-88-3448,A,Yangon,,Normal,Male,Health and beauty,,1,,03-03-23,,15:09,,Ewallet,5.5
187-83-5490,A,Yangon,,Member,Male,Electronic accessories,,4,,31-01-23,,13:47,,Cash,4.7
767-54-1907,B,Mandalay,,Member,Female,Fashion accessories,,5,,13-02-23,,16:59,,Cash,6.9
710-46-4433,B,Mandalay,,Member,Female,Food and beverages,,9,,15-02-23,,14:15,,Credit card,4.5
533-33-5337,B,Mandalay,,Normal,Male,Electronic accessories,,10,,07-02-23,,20:24,,Cash,6.2
325-90-8763,C,Naypyitaw,,Member,Female,Electronic accessories,,10,,27-01-23,,13:58,,Cash,7.6
729-46-7422,C,Naypyitaw,,Normal,Male,Food and beverages,,1,,23-02-23,,16:52,,Credit card,7.9
639-76-1242,C,Naypyitaw,,Normal,Male,Food and beverages,,5,,03-02-23,,15:19,,Cash,4.5
234-03-4040,B,Mandalay,,Member,Female,Food and beverages,,10,,03-03-23,,12:25,,Credit card,8.7
326-71-2155,C,Naypyitaw,,Normal,Female,Sports and travel,,4,,03-02-23,,10:02,,Cash,6.1
320-32-8842,C,Naypyitaw,,Member,Female,Food and beverages,,1,,17-03-23,,18:58,,Cash,6.4
470-32-9057,A,Yangon,,Member,Male,Food and beverages,,5,,28-03-23,,15:31,,Credit card,9.1
878-30-2331,C,Naypyitaw,,Member,Female,Sports and travel,,10,,02-03-23,,11:22,,Credit card,7.1
440-59-5691,C,Naypyitaw,,Member,Female,Health and beauty,,7,,08-02-23,,13:12,,Credit card,7.7
554-53-3790,B,Mandalay,,Normal,Male,Sports and travel,,6,,22-03-23,,18:33,,Cash,4.5
746-19-0921,C,Naypyitaw,,Normal,Male,Food and beverages,,1,,09-02-23,,10:02,,Ewallet,7.2
233-34-0817,C,Naypyitaw,,Member,Female,Electronic accessories,,1,,15-02-23,,11:21,,Cash,8.4
767-05-1286,C,Naypyitaw,,Member,Female,Home and lifestyle,,6,,23-01-23,,12:10,,Ewallet,5.4
340-21-9136,A,Yangon,,Member,Female,Sports and travel,,4,,25-01-23,,11:40,,Cash,9.7
405-31-3305,A,Yangon,,Member,Male,Fashion accessories,,10,,02-02-23,,18:31,,Credit card,5.5
731-59-7531,B,Mandalay,,Member,Male,Health and beauty,,8,,30-03-23,,17:58,,Cash,4.6
676-39-6028,A,Yangon,,Member,Female,Electronic accessories,,5,,30-03-23,,17:04,,Cash,6.6
502-05-1910,A,Yangon,,Normal,Male,Health and beauty,,3,,25-02-23,,20:35,,Credit card,6.3
485-30-8700,A,Yangon,,Normal,Female,Sports and travel,,5,,18-03-23,,16:10,,Credit card,4.2
598-47-9715,C,Naypyitaw,,Normal,Male,Electronic accessories,,4,,07-03-23,,16:54,,Ewallet,4.4
701-69-8742,B,Mandalay,,Normal,Male,Sports and travel,,10,,16-03-23,,10:11,,Ewallet,6.7
575-67-1508,A,Yangon,,Normal,Male,Electronic accessories,,1,,29-01-23,,11:26,,Ewallet,6.7
541-08-3113,C,Naypyitaw,,Normal,Male,Food and beverages,,8,,02-02-23,,20:29,,Cash,8.4
246-11-3901,C,Naypyitaw,,Normal,Female,Electronic accessories,,10,,15-02-23,,12:12,,Cash,6.2
674-15-9296,A,Yangon,,Normal,Male,Sports and travel,,5,,08-01-23,,13:05,,Ewallet,5
305-18-3552,B,Mandalay,,Member,Male,Home and lifestyle,,10,,12-02-23,,16:19,,Cash,6
493-65-6248,C,Naypyitaw,,Member,Female,Sports and travel,,10,,01-01-23,,19:48,,Credit card,7
438-01-4015,B,Mandalay,,Member,Female,Sports and travel,,4,,21-03-23,,15:25,,Ewallet,6.6
709-58-4068,B,Mandalay,,Normal,Female,Fashion accessories,,10,,28-02-23,,14:42,,Cash,7.3
795-49-7276,A,Yangon,,Normal,Male,Fashion accessories,,4,,23-03-23,,18:59,,Ewallet,8.3
556-72-8512,C,Naypyitaw,,Normal,Male,Home and lifestyle,,1,,30-01-23,,20:47,,Cash,4.3
627-95-3243,B,Mandalay,,Member,Female,Home and lifestyle,,9,,04-02-23,,13:21,,Ewallet,9.8
686-41-0932,B,Mandalay,,Normal,Female,Fashion accessories,,2,,13-03-23,,19:48,,Ewallet,8.2
510-09-5628,A,Yangon,,Member,Female,Fashion accessories,,10,,15-03-23,,18:20,,Credit card,7.2
608-04-3797,B,Mandalay,,Member,Female,Health and beauty,,8,,05-03-23,,20:24,,Ewallet,8.7
148-82-2527,C,Naypyitaw,,Member,Female,Home and lifestyle,,10,,05-03-23,,13:44,,Credit card,8.4
437-53-3084,B,Mandalay,,Normal,Male,Fashion accessories,,2,,26-02-23,,11:48,,Ewallet,7.1
632-32-4574,B,Mandalay,,Normal,Male,Sports and travel,,8,,20-03-23,,14:14,,Cash,5.5
556-97-7101,C,Naypyitaw,,Normal,Female,Electronic accessories,,2,,01-01-23,,15:51,,Cash,8.5
862-59-8517,C,Naypyitaw,,Normal,Female,Food and beverages,,6,,27-01-23,,11:17,,Cash,6.2
401-18-8016,B,Mandalay,,Member,Female,Sports and travel,,1,,21-01-23,,17:36,,Cash,8.9
420-18-8989,A,Yangon,,Member,Female,Sports and travel,,8,,02-02-23,,15:47,,Cash,9.6
277-63-2961,B,Mandalay,,Member,Male,Sports and travel,,1,,03-02-23,,15:53,,Credit card,5.4
573-98-8548,C,Naypyitaw,,Member,Female,Fashion accessories,,1,,05-01-23,,12:40,,Ewallet,9.1
620-02-2046,C,Naypyitaw,,Normal,Male,Home and lifestyle,,2,,27-01-23,,19:48,,Ewallet,9
282-35-2475,B,Mandalay,,Normal,Female,Sports and travel,,2,,25-03-23,,17:53,,Cash,6.3
511-54-3087,B,Mandalay,,Normal,Male,Sports and travel,,1,,25-02-23,,16:36,,Credit card,9.5
726-29-6793,A,Yangon,,Member,Male,Electronic accessories,,8,,28-01-23,,20:54,,Ewallet,9.8
387-49-4215,B,Mandalay,,Member,Female,Sports and travel,,3,,08-01-23,,12:50,,Cash,6.7
862-17-9201,B,Mandalay,,Normal,Female,Food and beverages,,6,,29-01-23,,10:48,,Credit card,7.7
291-21-5991,B,Mandalay,,Member,Male,Health and beauty,,5,,29-03-23,,14:28,,Cash,7
602-80-9671,C,Naypyitaw,,Member,Female,Home and lifestyle,,6,,09-02-23,,17:15,,Credit card,5.1
347-72-6115,B,Mandalay,,Member,Female,Sports and travel,,7,,16-01-23,,18:03,,Credit card,6.2
209-61-0206,A,Yangon,,Normal,Female,Home and lifestyle,,5,,05-01-23,,17:29,,Ewallet,6.1
595-27-4851,A,Yangon,,Normal,Female,Fashion accessories,,7,,27-01-23,,18:05,,Ewallet,9.3
189-52-0236,A,Yangon,,Normal,Male,Electronic accessories,,7,,14-03-23,,12:07,,Cash,7.6
503-07-0930,C,Naypyitaw,,Member,Male,Sports and travel,,7,,23-02-23,,19:49,,Credit card,8.2
413-20-6708,C,Naypyitaw,,Member,Female,Fashion accessories,,1,,18-03-23,,15:52,,Ewallet,8.5
425-85-2085,B,Mandalay,,Member,Male,Health and beauty,,5,,29-03-23,,16:48,,Ewallet,9.8
521-18-7827,C,Naypyitaw,,Member,Male,Home and lifestyle,,5,,22-01-23,,20:46,,Credit card,8.7
220-28-1851,A,Yangon,,Normal,Male,Home and lifestyle,,2,,01-03-23,,18:14,,Ewallet,9.7
600-38-9738,C,Naypyitaw,,Member,Male,Sports and travel,,5,,17-01-23,,15:05,,Credit card,4.3
734-91-1155,B,Mandalay,,Normal,Female,Electronic accessories,,3,,26-03-23,,10:34,,Credit card,7.7
451-28-5717,C,Naypyitaw,,Member,Female,Home and lifestyle,,6,,20-03-23,,11:23,,Cash,7.3
609-81-8548,A,Yangon,,Member,Female,Home and lifestyle,,6,,06-02-23,,13:55,,Credit card,5.9
133-14-7229,C,Naypyitaw,,Normal,Male,Health and beauty,,2,,01-01-23,,11:43,,Cash,5
534-01-4457,A,Yangon,,Normal,Male,Food and beverages,,6,,27-01-23,,14:36,,Credit card,8
719-89-8991,A,Yangon,,Member,Female,Sports and travel,,5,,25-02-23,,16:03,,Ewallet,7.1
286-62-6248,B,Mandalay,,Normal,Male,Fashion accessories,,4,,16-01-23,,20:03,,Credit card,9
339-38-9982,B,Mandalay,,Member,Male,Fashion accessories,,2,,13-01-23,,14:55,,Ewallet,6.7
827-44-5872,B,Mandalay,,Member,Female,Food and beverages,,10,,07-02-23,,11:28,,Credit card,6.1
827-77-7633,A,Yangon,,Normal,Male,Sports and travel,,9,,17-02-23,,19:41,,Cash,9.3
287-83-1405,A,Yangon,,Normal,Male,Health and beauty,,6,,12-02-23,,19:01,,Ewallet,7
435-13-4908,A,Yangon,,Member,Male,Fashion accessories,,8,,24-01-23,,18:04,,Credit card,7.2
857-67-9057,B,Mandalay,,Normal,Male,Electronic accessories,,10,,06-02-23,,19:20,,Ewallet,8.2
236-27-1144,C,Naypyitaw,,Normal,Female,Food and beverages,,9,,26-03-23,,10:31,,Ewallet,8.4
892-05-6689,A,Yangon,,Normal,Female,Home and lifestyle,,5,,11-03-23,,13:28,,Ewallet,6.2
583-41-4548,C,Naypyitaw,,Normal,Male,Home and lifestyle,,7,,07-02-23,,11:36,,Ewallet,7.4
339-12-4827,B,Mandalay,,Member,Female,Fashion accessories,,1,,05-01-23,,11:32,,Credit card,5
643-38-7867,A,Yangon,,Normal,Male,Home and lifestyle,,1,,07-03-23,,11:44,,Ewallet,6.9
308-81-0538,A,Yangon,,Normal,Female,Fashion accessories,,4,,25-02-23,,17:16,,Credit card,4.9
358-88-9262,C,Naypyitaw,,Member,Female,Food and beverages,,6,,01-02-23,,18:43,,Ewallet,5.1
460-35-4390,A,Yangon,,Normal,Male,Home and lifestyle,,3,,22-01-23,,11:00,,Ewallet,9.1
343-87-0864,C,Naypyitaw,,Member,Male,Health and beauty,,1,,03-01-23,,10:30,,Credit card,7.1
173-50-1108,B,Mandalay,,Member,Female,Sports and travel,,4,,13-02-23,,12:14,,Credit card,5
243-47-2663,C,Naypyitaw,,Member,Male,Electronic accessories,,6,,28-01-23,,16:43,,Credit card,5.5
841-18-8232,B,Mandalay,,Normal,Female,Food and beverages,,1,,05-01-23,,20:40,,Credit card,9.2
701-23-5550,B,Mandalay,,Member,Male,Home and lifestyle,,4,,23-03-23,,13:40,,Ewallet,4.9
647-50-1224,A,Yangon,,Normal,Female,Fashion accessories,,10,,12-01-23,,16:23,,Ewallet,8.9
541-48-8554,A,Yangon,,Normal,Male,Sports and travel,,9,,07-01-23,,12:08,,Credit card,6
539-21-7227,B,Mandalay,,Normal,Female,Sports and travel,,5,,26-01-23,,17:45,,Cash,4.2
213-32-1216,A,Yangon,,Normal,Female,Electronic accessories,,6,,23-01-23,,10:28,,Cash,7.3
747-58-7183,B,Mandalay,,Normal,Male,Fashion accessories,,3,,09-02-23,,20:31,,Ewallet,6.5
582-52-8065,B,Mandalay,,Normal,Female,Fashion accessories,,9,,22-02-23,,10:49,,Cash,8.9
210-57-1719,B,Mandalay,,Normal,Female,Health and beauty,,9,,05-02-23,,12:34,,Cash,9.7
399-69-4630,C,Naypyitaw,,Normal,Male,Electronic accessories,,6,,07-03-23,,10:23,,Credit card,8.6
134-75-2619,A,Yangon,,Member,Male,Electronic accessories,,7,,25-03-23,,18:51,,Cash,6.9
356-44-8813,B,Mandalay,,Normal,Male,Home and lifestyle,,3,,20-01-23,,13:45,,Credit card,7.7
198-66-9832,B,Mandalay,,Member,Female,Fashion accessories,,2,,04-02-23,,19:38,,Cash,9.5
283-26-5248,C,Naypyitaw,,Member,Female,Food and beverages,,10,,30-01-23,,20:23,,Ewallet,4.5
712-39-0363,A,Yangon,,Member,Male,Food and beverages,,6,,02-01-23,,15:24,,Ewallet,5.6
218-59-9410,A,Yangon,,Member,Female,Home and lifestyle,,3,,29-03-23,,16:54,,Ewallet,8.2
174-75-0888,B,Mandalay,,Normal,Male,Electronic accessories,,9,,14-03-23,,12:32,,Cash,7.3
866-99-7614,C,Naypyitaw,,Normal,Male,Food and beverages,,10,,11-02-23,,15:42,,Credit card,4.4
134-54-4720,B,Mandalay,,Normal,Female,Electronic accessories,,8,,30-01-23,,13:58,,Ewallet,5.7
760-90-2357,A,Yangon,,Member,Male,Electronic accessories,,6,,20-03-23,,15:08,,Ewallet,5
514-37-2845,B,Mandalay,,Normal,Male,Fashion accessories,,2,,20-03-23,,13:02,,Cash,9
698-98-5964,A,Yangon,,Normal,Female,Food and beverages,,10,,17-01-23,,13:01,,Credit card,6.3
718-57-9773,C,Naypyitaw,,Normal,Female,Sports and travel,,10,,03-02-23,,16:40,,Credit card,9.4
651-88-7328,A,Yangon,,Normal,Female,Fashion accessories,,9,,01-01-23,,13:55,,Cash,7.7
241-11-2261,B,Mandalay,,Normal,Female,Fashion accessories,,7,,10-01-23,,10:33,,Credit card,5.5
408-26-9866,C,Naypyitaw,,Normal,Female,Sports and travel,,7,,02-03-23,,16:42,,Ewallet,4.1
834-83-1826,B,Mandalay,,Member,Female,Home and lifestyle,,5,,25-02-23,,17:16,,Credit card,7.6
343-61-3544,B,Mandalay,,Member,Male,Sports and travel,,10,,29-01-23,,11:48,,Cash,8.6
239-48-4278,A,Yangon,,Member,Male,Food and beverages,,7,,10-03-23,,19:35,,Ewallet,8.3
355-34-6244,B,Mandalay,,Normal,Male,Food and beverages,,2,,13-01-23,,19:55,,Credit card,8.1
550-84-8664,A,Yangon,,Normal,Male,Sports and travel,,5,,22-03-23,,14:33,,Credit card,8.6
339-96-8318,B,Mandalay,,Member,Male,Fashion accessories,,7,,01-03-23,,19:49,,Ewallet,6.3
458-61-0011,B,Mandalay,,Normal,Male,Food and beverages,,4,,20-02-23,,18:43,,Cash,5.8
592-34-6155,C,Naypyitaw,,Normal,Male,Food and beverages,,4,,14-01-23,,14:43,,Ewallet,6.2
797-88-0493,A,Yangon,,Normal,Female,Health and beauty,,4,,26-03-23,,13:54,,Cash,7.7
207-73-1363,B,Mandalay,,Normal,Male,Health and beauty,,2,,01-03-23,,12:15,,Ewallet,8.1
390-31-6381,C,Naypyitaw,,Normal,Male,Food and beverages,,3,,07-01-23,,12:37,,Cash,7.3
443-82-0585,A,Yangon,,Member,Female,Health and beauty,,4,,01-02-23,,19:54,,Cash,8.4
339-18-7061,C,Naypyitaw,,Member,Female,Fashion accessories,,2,,13-02-23,,15:06,,Credit card,8
359-90-3665,B,Mandalay,,Member,Female,Fashion accessories,,4,,14-01-23,,18:03,,Credit card,9.5
375-72-3056,B,Mandalay,,Normal,Male,Sports and travel,,3,,23-01-23,,15:58,,Ewallet,7
127-47-6963,A,Yangon,,Normal,Male,Health and beauty,,4,,09-03-23,,13:53,,Credit card,9.8
278-86-2735,A,Yangon,,Normal,Female,Food and beverages,,3,,27-03-23,,14:03,,Cash,9.2
695-28-6250,A,Yangon,,Normal,Female,Sports and travel,,5,,04-02-23,,16:38,,Ewallet,7.7
379-17-6588,C,Naypyitaw,,Normal,Male,Fashion accessories,,10,,14-03-23,,11:07,,Cash,5.3
227-50-3718,A,Yangon,,Normal,Male,Health and beauty,,5,,04-03-23,,12:23,,Cash,4.4
302-15-2162,C,Naypyitaw,,Member,Male,Health and beauty,,6,,03-03-23,,10:54,,Credit card,4.3
788-07-8452,C,Naypyitaw,,Member,Female,Home and lifestyle,,7,,27-01-23,,17:38,,Ewallet,9.4
560-49-6611,A,Yangon,,Member,Female,Sports and travel,,1,,07-02-23,,14:13,,Cash,9.8
880-35-0356,A,Yangon,,Member,Female,Sports and travel,,3,,05-02-23,,11:51,,Ewallet,4.8
585-11-6748,B,Mandalay,,Member,Male,Sports and travel,,3,,15-03-23,,13:05,,Cash,5.3
470-31-3286,B,Mandalay,,Normal,Male,Health and beauty,,3,,01-03-23,,11:30,,Credit card,8.7
152-68-2907,A,Yangon,,Normal,Male,Food and beverages,,3,,15-02-23,,13:30,,Credit card,9.5
123-35-4896,C,Naypyitaw,,Normal,Female,Sports and travel,,9,,17-02-23,,19:11,,Ewallet,5.3
258-69-7810,C,Naypyitaw,,Normal,Female,Fashion accessories,,5,,26-01-23,,18:53,,Cash,9.2
334-64-2006,A,Yangon,,Member,Female,Home and lifestyle,,2,,24-03-23,,14:22,,Ewallet,9.6
219-61-4139,C,Naypyitaw,,Normal,Male,Electronic accessories,,1,,23-01-23,,17:16,,Ewallet,6.4
881-41-7302,C,Naypyitaw,,Normal,Female,Fashion accessories,,1,,26-01-23,,10:06,,Credit card,4.5
373-09-4567,C,Naypyitaw,,Normal,Male,Food and beverages,,10,,14-03-23,,20:35,,Ewallet,6.9
642-30-6693,B,Mandalay,,Normal,Female,Sports and travel,,6,,17-03-23,,13:54,,Ewallet,7.8
484-22-8230,C,Naypyitaw,,Member,Female,Fashion accessories,,7,,08-01-23,,20:08,,Cash,4.5
830-58-2383,B,Mandalay,,Normal,Male,Home and lifestyle,,4,,08-02-23,,15:26,,Cash,8.6
559-98-9873,A,Yangon,,Member,Female,Fashion accessories,,7,,10-02-23,,12:56,,Ewallet,5.2
544-32-5024,C,Naypyitaw,,Member,Female,Food and beverages,,4,,28-03-23,,19:16,,Credit card,6.4
318-12-0304,A,Yangon,,Normal,Male,Fashion accessories,,1,,23-01-23,,12:20,,Ewallet,5.2
349-97-8902,B,Mandalay,,Member,Male,Food and beverages,,2,,17-01-23,,10:37,,Ewallet,8.9
421-95-9805,A,Yangon,,Normal,Female,Electronic accessories,,1,,07-02-23,,10:18,,Credit card,6.2
277-35-5865,C,Naypyitaw,,Member,Female,Food and beverages,,9,,09-03-23,,11:23,,Cash,6.7
789-23-8625,B,Mandalay,,Member,Male,Fashion accessories,,3,,24-01-23,,11:45,,Cash,7.2
284-54-4231,C,Naypyitaw,,Member,Male,Sports and travel,,1,,23-01-23,,16:08,,Credit card,9
443-59-0061,A,Yangon,,Member,Male,Food and beverages,,10,,03-02-23,,11:25,,Ewallet,4.2
509-29-3912,A,Yangon,,Member,Female,Sports and travel,,9,,20-03-23,,12:24,,Ewallet,4.2
327-40-9673,B,Mandalay,,Member,Male,Sports and travel,,6,,13-01-23,,19:51,,Cash,6.9
840-19-2096,C,Naypyitaw,,Member,Male,Electronic accessories,,5,,14-03-23,,18:10,,Ewallet,4.4
828-46-6863,A,Yangon,,Member,Male,Food and beverages,,6,,23-01-23,,11:22,,Credit card,4
641-96-3695,C,Naypyitaw,,Member,Female,Fashion accessories,,6,,07-02-23,,17:55,,Ewallet,8.5
420-97-3340,A,Yangon,,Normal,Female,Food and beverages,,3,,28-03-23,,15:30,,Credit card,9.2
436-54-4512,A,Yangon,,Member,Female,Food and beverages,,1,,20-03-23,,19:44,,Cash,9.8
670-79-6321,B,Mandalay,,Member,Female,Home and lifestyle,,7,,17-01-23,,15:27,,Credit card,4.9
852-62-7105,B,Mandalay,,Normal,Female,Fashion accessories,,10,,12-01-23,,11:25,,Credit card,4.4
598-06-7312,B,Mandalay,,Member,Male,Fashion accessories,,1,,16-02-23,,15:42,,Cash,6.8
135-13-8269,B,Mandalay,,Member,Female,Food and beverages,,2,,26-01-23,,16:04,,Cash,9.1
816-57-2053,A,Yangon,,Normal,Male,Sports and travel,,2,,09-03-23,,12:37,,Ewallet,8.7
628-90-8624,B,Mandalay,,Member,Male,Health and beauty,,10,,14-03-23,,14:41,,Cash,5
856-66-2701,A,Yangon,,Member,Male,Home and lifestyle,,3,,25-01-23,,14:19,,Ewallet,7.5
308-39-1707,A,Yangon,,Normal,Female,Fashion accessories,,1,,26-01-23,,18:19,,Credit card,8.2
149-61-1929,A,Yangon,,Normal,Male,Sports and travel,,10,,23-01-23,,14:08,,Credit card,6.7
655-07-2265,A,Yangon,,Normal,Male,Electronic accessories,,3,,05-03-23,,16:38,,Ewallet,5.4
589-02-8023,A,Yangon,,Member,Male,Food and beverages,,2,,15-01-23,,10:54,,Credit card,7
420-04-7590,B,Mandalay,,Normal,Male,Home and lifestyle,,3,,18-03-23,,11:29,,Ewallet,4.7
182-88-2763,B,Mandalay,,Member,Male,Food and beverages,,3,,20-03-23,,19:28,,Credit card,5
188-55-0967,B,Mandalay,,Member,Male,Health and beauty,,10,,15-01-23,,15:01,,Credit card,5
610-46-4100,A,Yangon,,Normal,Male,Health and beauty,,7,,03-03-23,,20:31,,Credit card,6
318-81-2368,C,Naypyitaw,,Normal,Female,Electronic accessories,,1,,23-03-23,,12:16,,Cash,6.3
364-33-8584,B,Mandalay,,Member,Female,Food and beverages,,5,,08-03-23,,15:27,,Cash,8.5
665-63-9737,B,Mandalay,,Normal,Male,Fashion accessories,,3,,27-02-23,,17:36,,Ewallet,7.5
695-09-5146,B,Mandalay,,Member,Female,Food and beverages,,3,,23-02-23,,20:00,,Ewallet,6.4
155-45-3814,C,Naypyitaw,,Member,Female,Electronic accessories,,8,,23-03-23,,15:29,,Ewallet,4.7
794-32-2436,B,Mandalay,,Member,Male,Electronic accessories,,2,,27-03-23,,15:08,,Ewallet,6
131-15-8856,C,Naypyitaw,,Member,Female,Food and beverages,,8,,30-03-23,,19:26,,Credit card,4
273-84-2164,C,Naypyitaw,,Member,Male,Electronic accessories,,5,,16-02-23,,15:53,,Ewallet,5.5
706-36-6154,A,Yangon,,Member,Male,Home and lifestyle,,9,,18-01-23,,18:43,,Ewallet,8.7
778-89-7974,C,Naypyitaw,,Normal,Male,Health and beauty,,6,,30-03-23,,14:58,,Cash,7.4
574-31-8277,B,Mandalay,,Member,Male,Fashion accessories,,1,,20-03-23,,19:55,,Cash,5.6
859-71-0933,C,Naypyitaw,,Member,Female,Sports and travel,,2,,16-01-23,,15:10,,Cash,6.3
740-11-5257,C,Naypyitaw,,Normal,Male,Electronic accessories,,10,,24-02-23,,16:44,,Cash,7.1
369-82-2676,B,Mandalay,,Normal,Male,Electronic accessories,,5,,15-01-23,,18:22,,Ewallet,7.8
563-47-4072,B,Mandalay,,Normal,Female,Health and beauty,,6,,22-01-23,,11:52,,Cash,9.9
742-04-5161,A,Yangon,,Member,Male,Home and lifestyle,,10,,03-02-23,,17:24,,Cash,7.3
149-15-7606,B,Mandalay,,Member,Male,Sports and travel,,9,,06-03-23,,15:31,,Ewallet,5.1
133-77-3154,B,Mandalay,,Member,Male,Fashion accessories,,4,,16-02-23,,18:04,,Credit card,9.4
169-52-4504,A,Yangon,,Normal,Female,Electronic accessories,,3,,14-03-23,,14:13,,Credit card,5.8
250-81-7186,C,Naypyitaw,,Normal,Female,Electronic accessories,,1,,27-02-23,,10:23,,Credit card,8
562-12-5430,A,Yangon,,Member,Female,Fashion accessories,,3,,18-01-23,,10:11,,Ewallet,7.9
816-72-8853,A,Yangon,,Member,Female,Sports and travel,,5,,29-01-23,,15:48,,Cash,5.9
491-38-3499,A,Yangon,,Member,Male,Fashion accessories,,1,,26-02-23,,17:46,,Credit card,4.9
322-02-2271,B,Mandalay,,Normal,Female,Sports and travel,,3,,03-02-23,,11:46,,Cash,9.3
842-29-4695,C,Naypyitaw,,Member,Male,Sports and travel,,7,,16-01-23,,12:07,,Credit card,7.9
725-67-2480,B,Mandalay,,Member,Female,Fashion accessories,,6,,24-03-23,,18:14,,Credit card,5.9
641-51-2661,C,Naypyitaw,,Member,Female,Food and beverages,,10,,12-02-23,,14:45,,Credit card,9.9
714-02-3114,C,Naypyitaw,,Normal,Female,Sports and travel,,2,,21-02-23,,11:39,,Cash,7.7
518-17-2983,A,Yangon,,Normal,Female,Fashion accessories,,4,,04-02-23,,15:44,,Ewallet,7.6
779-42-2410,B,Mandalay,,Member,Male,Food and beverages,,3,,20-02-23,,13:06,,Ewallet,7.7
190-14-3147,B,Mandalay,,Normal,Female,Health and beauty,,4,,23-02-23,,20:43,,Ewallet,6.4
408-66-6712,C,Naypyitaw,,Member,Female,Health and beauty,,6,,16-02-23,,14:19,,Ewallet,4.4
679-22-6530,B,Mandalay,,Normal,Female,Sports and travel,,2,,17-01-23,,10:01,,Credit card,4.1
588-47-8641,A,Yangon,,Member,Male,Fashion accessories,,10,,14-01-23,,19:30,,Ewallet,4.4
642-61-4706,B,Mandalay,,Member,Male,Food and beverages,,2,,30-03-23,,16:34,,Cash,5.5
576-31-4774,B,Mandalay,,Normal,Female,Health and beauty,,3,,02-03-23,,13:10,,Ewallet,4
556-41-6224,C,Naypyitaw,,Normal,Male,Health and beauty,,8,,15-02-23,,17:10,,Credit card,9.3
811-03-8790,A,Yangon,,Normal,Female,Electronic accessories,,10,,01-03-23,,10:22,,Credit card,4.8
242-11-3142,B,Mandalay,,Member,Male,Fashion accessories,,2,,24-02-23,,19:57,,Cash,4.6
752-23-3760,B,Mandalay,,Member,Female,Sports and travel,,7,,23-02-23,,19:29,,Credit card,7.3
274-05-5470,A,Yangon,,Member,Female,Food and beverages,,4,,23-02-23,,18:30,,Cash,6
648-94-3045,C,Naypyitaw,,Normal,Male,Health and beauty,,10,,07-02-23,,14:27,,Ewallet,8.1
130-67-4723,A,Yangon,,Member,Male,Food and beverages,,6,,11-01-23,,13:57,,Ewallet,9.4
528-87-5606,B,Mandalay,,Member,Female,Electronic accessories,,1,,12-02-23,,19:43,,Cash,6.5
320-85-2052,B,Mandalay,,Normal,Female,Sports and travel,,1,,14-01-23,,10:11,,Credit card,7
370-96-0655,C,Naypyitaw,,Normal,Female,Fashion accessories,,6,,09-01-23,,13:46,,Ewallet,7.1
105-10-6182,A,Yangon,,Member,Male,Fashion accessories,,2,,27-02-23,,12:22,,Ewallet,6.6
510-79-0415,B,Mandalay,,Member,Female,Sports and travel,,6,,24-01-23,,19:20,,Ewallet,4.9
241-96-5076,B,Mandalay,,Member,Female,Home and lifestyle,,2,,08-01-23,,12:58,,Credit card,6.4
767-97-4650,B,Mandalay,,Member,Female,Sports and travel,,2,,08-01-23,,11:59,,Credit card,8
648-83-1321,A,Yangon,,Member,Male,Home and lifestyle,,10,,16-01-23,,17:59,,Cash,4.3
173-57-2300,C,Naypyitaw,,Member,Male,Sports and travel,,2,,13-03-23,,12:51,,Cash,6.1
305-03-2383,A,Yangon,,Normal,Female,Food and beverages,,3,,15-02-23,,10:36,,Cash,7.5
394-55-6384,C,Naypyitaw,,Member,Female,Sports and travel,,9,,25-01-23,,13:38,,Cash,6.7
266-20-6657,C,Naypyitaw,,Member,Male,Food and beverages,,7,,12-03-23,,19:39,,Ewallet,5.2
689-05-1884,A,Yangon,,Member,Male,Health and beauty,,10,,04-03-23,,12:44,,Cash,8.8
196-01-2849,C,Naypyitaw,,Member,Female,Fashion accessories,,7,,10-02-23,,13:56,,Cash,9.5
372-62-5264,C,Naypyitaw,,Normal,Female,Food and beverages,,9,,16-01-23,,14:42,,Cash,7.6
800-09-8606,A,Yangon,,Member,Female,Home and lifestyle,,5,,29-01-23,,19:45,,Cash,6.6
182-52-7000,A,Yangon,,Member,Female,Sports and travel,,4,,01-01-23,,20:26,,Ewallet,6.9
826-58-8051,B,Mandalay,,Normal,Male,Home and lifestyle,,4,,06-01-23,,19:46,,Ewallet,4.3
868-06-0466,A,Yangon,,Member,Male,Electronic accessories,,9,,23-02-23,,19:38,,Credit card,7.8
751-41-9720,C,Naypyitaw,,Normal,Male,Home and lifestyle,,10,,12-01-23,,16:18,,Ewallet,8
626-43-7888,C,Naypyitaw,,Normal,Female,Fashion accessories,,8,,07-02-23,,12:23,,Ewallet,9.6
176-64-7711,B,Mandalay,,Normal,Male,Food and beverages,,3,,27-03-23,,19:11,,Credit card,4.3
191-29-0321,B,Mandalay,,Member,Female,Fashion accessories,,10,,27-02-23,,18:57,,Credit card,5
729-06-2010,B,Mandalay,,Member,Male,Health and beauty,,9,,06-01-23,,11:18,,Cash,9.2
640-48-5028,B,Mandalay,,Member,Female,Home and lifestyle,,9,,02-03-23,,12:40,,Cash,6.3
186-79-9562,B,Mandalay,,Normal,Male,Health and beauty,,7,,29-03-23,,14:06,,Cash,8.9
834-45-5519,B,Mandalay,,Normal,Female,Electronic accessories,,4,,31-01-23,,20:48,,Ewallet,7.6
162-65-8559,C,Naypyitaw,,Member,Male,Food and beverages,,1,,21-01-23,,20:13,,Cash,4.8
760-27-5490,C,Naypyitaw,,Normal,Male,Fashion accessories,,8,,20-01-23,,20:37,,Ewallet,9.1
445-30-9252,A,Yangon,,Normal,Male,Sports and travel,,3,,17-01-23,,17:59,,Ewallet,6.1
786-94-2700,A,Yangon,,Member,Male,Food and beverages,,6,,28-02-23,,20:18,,Cash,9.1
728-88-7867,C,Naypyitaw,,Member,Female,Home and lifestyle,,4,,23-03-23,,15:52,,Ewallet,8.3
183-21-3799,C,Naypyitaw,,Normal,Female,Electronic accessories,,9,,23-02-23,,15:14,,Ewallet,7.2
268-20-3585,C,Naypyitaw,,Normal,Female,Health and beauty,,9,,04-02-23,,12:50,,Ewallet,6
735-32-9839,C,Naypyitaw,,Member,Male,Fashion accessories,,8,,31-01-23,,10:36,,Ewallet,8.5
258-92-7466,A,Yangon,,Normal,Female,Health and beauty,,5,,06-02-23,,18:33,,Credit card,6.6
857-16-3520,A,Yangon,,Member,Female,Fashion accessories,,7,,28-03-23,,16:06,,Ewallet,4.5
482-17-1179,A,Yangon,,Member,Male,Electronic accessories,,3,,23-01-23,,12:47,,Credit card,8.1
788-21-5741,A,Yangon,,Normal,Male,Fashion accessories,,3,,17-02-23,,13:34,,Credit card,7.2
821-14-9046,B,Mandalay,,Member,Female,Fashion accessories,,6,,18-01-23,,15:04,,Credit card,6.1
418-05-0656,B,Mandalay,,Normal,Female,Fashion accessories,,7,,02-02-23,,20:42,,Cash,7.1
678-79-0726,C,Naypyitaw,,Member,Female,Sports and travel,,9,,18-01-23,,15:28,,Cash,5.1
776-68-1096,B,Mandalay,,Normal,Male,Home and lifestyle,,3,,18-03-23,,13:45,,Credit card,7.9
592-46-1692,C,Naypyitaw,,Member,Female,Food and beverages,,7,,11-01-23,,20:10,,Cash,7.4
434-35-9162,B,Mandalay,,Member,Male,Food and beverages,,4,,04-02-23,,18:53,,Ewallet,7.4
149-14-0304,C,Naypyitaw,,Member,Female,Health and beauty,,8,,06-02-23,,14:24,,Cash,6.6
442-44-6497,C,Naypyitaw,,Member,Male,Home and lifestyle,,3,,08-01-23,,11:42,,Credit card,5.9
174-64-0215,B,Mandalay,,Normal,Male,Sports and travel,,10,,05-03-23,,17:49,,Credit card,8.9
210-74-9613,C,Naypyitaw,,Normal,Male,Fashion accessories,,4,,16-03-23,,15:33,,Ewallet,6.8
299-29-0180,B,Mandalay,,Member,Female,Home and lifestyle,,7,,09-03-23,,10:54,,Cash,9.3
247-11-2470,A,Yangon,,Member,Female,Fashion accessories,,4,,01-03-23,,16:23,,Credit card,4.4
635-28-5728,A,Yangon,,Normal,Male,Health and beauty,,3,,28-02-23,,19:33,,Ewallet,4.8
756-49-0168,A,Yangon,,Member,Male,Fashion accessories,,1,,08-02-23,,11:39,,Ewallet,9.5
438-23-1242,B,Mandalay,,Normal,Male,Electronic accessories,,7,,24-01-23,,10:38,,Ewallet,8.9
238-45-6950,B,Mandalay,,Member,Male,Food and beverages,,1,,01-03-23,,20:03,,Ewallet,6.4
607-65-2441,C,Naypyitaw,,Member,Male,Health and beauty,,10,,10-03-23,,12:39,,Credit card,6
386-27-7606,C,Naypyitaw,,Member,Female,Home and lifestyle,,7,,23-03-23,,15:59,,Credit card,8.1
137-63-5492,C,Naypyitaw,,Normal,Male,Electronic accessories,,10,,29-01-23,,14:26,,Ewallet,9
197-77-7132,B,Mandalay,,Member,Male,Electronic accessories,,8,,12-01-23,,18:22,,Ewallet,6
805-86-0265,A,Yangon,,Normal,Male,Home and lifestyle,,9,,20-03-23,,11:32,,Cash,9.8
733-29-1227,C,Naypyitaw,,Normal,Male,Home and lifestyle,,7,,23-03-23,,12:41,,Cash,8.5
451-73-2711,C,Naypyitaw,,Normal,Male,Food and beverages,,1,,14-01-23,,15:20,,Ewallet,8.8
373-14-0504,A,Yangon,,Member,Female,Sports and travel,,2,,12-02-23,,14:33,,Ewallet,8.8
546-80-2899,A,Yangon,,Member,Male,Home and lifestyle,,2,,20-02-23,,15:29,,Ewallet,9.5
345-68-9016,C,Naypyitaw,,Member,Female,Sports and travel,,8,,02-01-23,,16:19,,Credit card,5.6
390-17-5806,C,Naypyitaw,,Member,Female,Food and beverages,,1,,02-02-23,,16:33,,Cash,8.6
457-13-1708,B,Mandalay,,Member,Male,Fashion accessories,,10,,08-01-23,,19:07,,Credit card,5.2
664-14-2882,C,Naypyitaw,,Member,Female,Home and lifestyle,,5,,30-01-23,,14:43,,Credit card,5.8
487-79-6868,B,Mandalay,,Member,Female,Home and lifestyle,,9,,26-03-23,,19:28,,Credit card,8
314-23-4520,C,Naypyitaw,,Member,Male,Health and beauty,,7,,15-01-23,,20:44,,Cash,9
210-30-7976,B,Mandalay,,Member,Female,Fashion accessories,,4,,14-03-23,,11:16,,Ewallet,4.1
585-86-8361,A,Yangon,,Normal,Female,Food and beverages,,5,,03-02-23,,10:31,,Credit card,8.6
807-14-7833,A,Yangon,,Member,Female,Electronic accessories,,10,,22-02-23,,12:30,,Ewallet,7
775-72-1988,B,Mandalay,,Normal,Male,Home and lifestyle,,5,,24-01-23,,15:05,,Ewallet,8.4
288-38-3758,C,Naypyitaw,,Member,Female,Fashion accessories,,3,,25-01-23,,18:30,,Ewallet,7.4
652-43-6591,A,Yangon,,Normal,Female,Fashion accessories,,8,,09-03-23,,13:18,,Credit card,6.2
785-96-0615,B,Mandalay,,Member,Female,Electronic accessories,,8,,17-02-23,,15:28,,Ewallet,4.9
406-46-7107,A,Yangon,,Normal,Female,Home and lifestyle,,6,,11-01-23,,11:52,,Cash,4.5
250-17-5703,A,Yangon,,Member,Male,Food and beverages,,10,,27-02-23,,18:24,,Ewallet,5.6
156-95-3964,A,Yangon,,Normal,Female,Food and beverages,,4,,25-03-23,,15:19,,Ewallet,8
842-40-8179,B,Mandalay,,Member,Female,Food and beverages,,10,,11-02-23,,10:38,,Credit card,5.6
525-09-8450,B,Mandalay,,Normal,Male,Electronic accessories,,10,,31-01-23,,15:12,,Credit card,4.2
410-67-1709,A,Yangon,,Member,Female,Fashion accessories,,8,,20-01-23,,17:48,,Ewallet,9.9
587-73-4862,A,Yangon,,Member,Female,Health and beauty,,5,,26-03-23,,11:07,,Ewallet,7.6
787-87-2010,A,Yangon,,Member,Male,Health and beauty,,4,,20-01-23,,15:48,,Credit card,6.6
593-14-4239,B,Mandalay,,Normal,Female,Home and lifestyle,,8,,05-03-23,,19:40,,Ewallet,4.7
801-88-0346,C,Naypyitaw,,Normal,Female,Fashion accessories,,3,,05-01-23,,20:30,,Credit card,9.8
388-76-2555,B,Mandalay,,Normal,Male,Sports and travel,,6,,13-02-23,,13:59,,Cash,6.3
711-31-1234,B,Mandalay,,Normal,Female,Electronic accessories,,4,,16-03-23,,18:51,,Cash,7.9
886-54-6089,A,Yangon,,Normal,Female,Home and lifestyle,,6,,15-01-23,,17:24,,Cash,7.7
707-32-7409,B,Mandalay,,Member,Female,Sports and travel,,4,,26-02-23,,11:58,,Ewallet,4.5
759-98-4285,C,Naypyitaw,,Member,Female,Health and beauty,,7,,27-02-23,,19:01,,Credit card,8
201-63-8275,C,Naypyitaw,,Member,Female,Sports and travel,,7,,17-02-23,,16:50,,Ewallet,5.7
471-06-8611,C,Naypyitaw,,Normal,Female,Food and beverages,,1,,06-02-23,,10:22,,Credit card,6.3
200-16-5952,C,Naypyitaw,,Member,Male,Food and beverages,,2,,17-01-23,,16:46,,Cash,6
120-54-2248,B,Mandalay,,Normal,Female,Food and beverages,,5,,22-01-23,,18:08,,Credit card,8
102-77-2261,C,Naypyitaw,,Member,Male,Health and beauty,,7,,05-03-23,,18:02,,Credit card,4.2
875-31-8302,B,Mandalay,,Normal,Male,Sports and travel,,1,,03-01-23,,13:07,,Cash,9.6
102-06-2002,C,Naypyitaw,,Member,Male,Sports and travel,,5,,20-03-23,,17:52,,Cash,6.1
457-94-0464,B,Mandalay,,Member,Male,Electronic accessories,,9,,31-01-23,,20:32,,Ewallet,5.6
629-42-4133,C,Naypyitaw,,Normal,Male,Health and beauty,,8,,23-02-23,,19:24,,Cash,8.3
534-53-3526,A,Yangon,,Normal,Female,Sports and travel,,4,,11-02-23,,16:06,,Ewallet,7.8
307-04-2070,A,Yangon,,Member,Female,Fashion accessories,,1,,05-02-23,,14:14,,Credit card,4.1
468-99-7231,C,Naypyitaw,,Normal,Female,Home and lifestyle,,8,,03-03-23,,17:36,,Cash,8.8
516-77-6464,C,Naypyitaw,,Member,Female,Health and beauty,,5,,24-02-23,,13:08,,Ewallet,4.1
404-91-5964,A,Yangon,,Normal,Male,Electronic accessories,,7,,04-02-23,,16:09,,Credit card,9
886-77-9084,C,Naypyitaw,,Normal,Male,Electronic accessories,,8,,23-02-23,,11:33,,Ewallet,5.5
790-38-4466,C,Naypyitaw,,Normal,Female,Health and beauty,,5,,23-01-23,,10:18,,Credit card,9.3
704-10-4056,C,Naypyitaw,,Member,Male,Health and beauty,,3,,14-01-23,,10:55,,Credit card,5.6
497-37-6538,A,Yangon,,Normal,Male,Sports and travel,,7,,17-01-23,,15:15,,Ewallet,9.7
651-96-5970,A,Yangon,,Normal,Male,Fashion accessories,,1,,03-03-23,,20:06,,Credit card,4
400-80-4065,C,Naypyitaw,,Member,Male,Health and beauty,,4,,15-02-23,,20:21,,Credit card,9.2
744-16-7898,B,Mandalay,,Normal,Female,Home and lifestyle,,10,,15-01-23,,13:48,,Credit card,4.9
263-12-5321,A,Yangon,,Member,Male,Electronic accessories,,7,,27-02-23,,12:52,,Credit card,9.3
702-72-0487,A,Yangon,,Normal,Female,Electronic accessories,,2,,26-02-23,,12:28,,Credit card,6.6
605-83-1050,B,Mandalay,,Normal,Male,Fashion accessories,,2,,15-03-23,,16:26,,Ewallet,4.3
443-60-9639,C,Naypyitaw,,Member,Female,Home and lifestyle,,1,,24-01-23,,13:24,,Cash,5.5
864-24-7918,A,Yangon,,Member,Female,Sports and travel,,10,,22-02-23,,15:15,,Cash,8.1
359-94-5395,B,Mandalay,,Normal,Male,Health and beauty,,1,,15-03-23,,10:50,,Credit card,9.8
401-09-4232,C,Naypyitaw,,Member,Male,Home and lifestyle,,5,,11-02-23,,18:38,,Ewallet,9.4
751-15-6198,B,Mandalay,,Normal,Male,Sports and travel,,6,,12-01-23,,16:45,,Ewallet,7.9
324-41-6833,C,Naypyitaw,,Member,Female,Electronic accessories,,8,,03-03-23,,19:30,,Ewallet,5.1
474-33-8305,C,Naypyitaw,,Member,Male,Fashion accessories,,7,,23-03-23,,13:23,,Ewallet,6.9
759-29-9521,A,Yangon,,Member,Female,Fashion accessories,,9,,04-03-23,,11:27,,Cash,8
831-81-6575,B,Mandalay,,Member,Female,Electronic accessories,,9,,23-02-23,,11:12,,Cash,8
220-68-6701,A,Yangon,,Normal,Female,Home and lifestyle,,4,,17-03-23,,16:36,,Cash,4.2
618-34-8551,A,Yangon,,Normal,Female,Sports and travel,,2,,16-01-23,,18:41,,Credit card,8.5
257-60-7754,A,Yangon,,Normal,Female,Electronic accessories,,4,,08-01-23,,17:12,,Cash,9
559-61-5987,B,Mandalay,,Normal,Female,Health and beauty,,1,,14-01-23,,10:38,,Cash,8.6
189-55-2313,C,Naypyitaw,,Normal,Female,Fashion accessories,,10,,31-01-23,,10:33,,Ewallet,6
565-91-4567,B,Mandalay,,Normal,Male,Health and beauty,,8,,15-03-23,,14:38,,Ewallet,6.2
380-60-5336,A,Yangon,,Normal,Female,Electronic accessories,,10,,24-02-23,,18:06,,Credit card,5
815-04-6282,C,Naypyitaw,,Member,Female,Sports and travel,,5,,08-02-23,,12:52,,Credit card,6.5
674-56-6360,A,Yangon,,Normal,Male,Electronic accessories,,1,,22-03-23,,14:00,,Cash,6
778-34-2523,A,Yangon,,Member,Female,Electronic accessories,,8,,24-01-23,,10:57,,Cash,5
499-27-7781,B,Mandalay,,Normal,Female,Food and beverages,,8,,14-03-23,,16:45,,Ewallet,5
477-59-2456,C,Naypyitaw,,Normal,Female,Fashion accessories,,7,,23-01-23,,11:15,,Cash,9.2
832-51-6761,A,Yangon,,Normal,Male,Food and beverages,,8,,23-01-23,,20:29,,Ewallet,9.6
869-11-3082,B,Mandalay,,Member,Male,Health and beauty,,4,,27-01-23,,20:03,,Credit card,8.4
190-59-3964,B,Mandalay,,Member,Male,Food and beverages,,5,,03-02-23,,14:35,,Credit card,6
366-43-6862,B,Mandalay,,Normal,Male,Electronic accessories,,4,,25-03-23,,16:32,,Ewallet,6.7
186-43-8965,A,Yangon,,Member,Female,Home and lifestyle,,2,,24-02-23,,10:10,,Credit card,4.1
784-21-9238,C,Naypyitaw,,Member,Male,Sports and travel,,1,,07-02-23,,14:15,,Cash,5.9
276-75-6884,A,Yangon,,Normal,Female,Health and beauty,,3,,04-03-23,,10:05,,Cash,8.7
109-86-4363,B,Mandalay,,Member,Female,Sports and travel,,7,,14-02-23,,11:36,,Credit card,4.5
569-76-2760,A,Yangon,,Member,Female,Sports and travel,,4,,29-01-23,,18:15,,Credit card,6.6
222-42-0244,B,Mandalay,,Member,Female,Health and beauty,,9,,28-01-23,,13:53,,Credit card,7.7
760-53-9233,A,Yangon,,Member,Male,Fashion accessories,,3,,26-03-23,,18:37,,Credit card,8.5
538-22-0304,C,Naypyitaw,,Normal,Male,Electronic accessories,,10,,24-03-23,,18:27,,Cash,5.2
416-17-9926,A,Yangon,,Member,Female,Electronic accessories,,10,,01-01-23,,14:42,,Credit card,4.3
237-44-6163,A,Yangon,,Normal,Male,Electronic accessories,,8,,24-01-23,,17:43,,Cash,7.6
636-17-0325,B,Mandalay,,Normal,Male,Health and beauty,,4,,25-02-23,,18:37,,Cash,9.5
343-75-9322,B,Mandalay,,Member,Female,Sports and travel,,8,,09-01-23,,16:34,,Cash,4.1
528-14-9470,A,Yangon,,Member,Male,Health and beauty,,1,,14-02-23,,14:42,,Ewallet,9.2
427-45-9297,B,Mandalay,,Member,Female,Home and lifestyle,,7,,12-03-23,,11:01,,Ewallet,5.4
807-34-3742,A,Yangon,,Normal,Male,Fashion accessories,,1,,26-03-23,,19:44,,Cash,5.8
288-62-1085,A,Yangon,,Member,Male,Fashion accessories,,5,,09-01-23,,13:34,,Ewallet,5.6
670-71-7306,B,Mandalay,,Normal,Male,Sports and travel,,6,,02-01-23,,20:08,,Credit card,5.1
660-29-7083,C,Naypyitaw,,Normal,Male,Electronic accessories,,10,,15-01-23,,15:01,,Cash,5.8
271-77-8740,C,Naypyitaw,,Member,Female,Sports and travel,,6,,01-01-23,,11:40,,Ewallet,5
497-36-0989,A,Yangon,,Normal,Male,Fashion accessories,,3,,15-02-23,,15:21,,Cash,7.9
291-59-1384,B,Mandalay,,Normal,Male,Electronic accessories,,1,,28-02-23,,17:38,,Cash,6
860-73-6466,A,Yangon,,Member,Female,Sports and travel,,2,,02-03-23,,16:16,,Credit card,5
549-23-9016,C,Naypyitaw,,Member,Female,Food and beverages,,2,,13-02-23,,18:15,,Credit card,8.9
896-34-0956,A,Yangon,,Normal,Male,Fashion accessories,,1,,26-01-23,,12:43,,Cash,5.9
804-38-3935,A,Yangon,,Member,Male,Electronic accessories,,3,,30-01-23,,11:32,,Credit card,5.9
585-90-0249,A,Yangon,,Member,Male,Electronic accessories,,1,,27-01-23,,18:08,,Ewallet,9.7
862-29-5914,C,Naypyitaw,,Normal,Female,Sports and travel,,1,,30-01-23,,17:08,,Credit card,8.6
845-94-6841,C,Naypyitaw,,Member,Female,Food and beverages,,9,,08-01-23,,19:38,,Cash,4
125-45-2293,A,Yangon,,Normal,Female,Fashion accessories,,6,,23-01-23,,13:11,,Cash,4.2
843-73-4724,A,Yangon,,Normal,Male,Fashion accessories,,1,,25-01-23,,11:05,,Cash,9.2
409-33-9708,A,Yangon,,Normal,Female,Fashion accessories,,2,,23-02-23,,10:12,,Ewallet,9.2
658-66-3967,C,Naypyitaw,,Normal,Male,Health and beauty,,7,,14-01-23,,15:42,,Ewallet,5
866-70-2814,B,Mandalay,,Normal,Female,Electronic accessories,,10,,25-02-23,,11:58,,Ewallet,10
160-22-2687,A,Yangon,,Member,Female,Health and beauty,,5,,23-01-23,,14:21,,Ewallet,8.8
895-03-6665,B,Mandalay,,Normal,Female,Fashion accessories,,9,,16-02-23,,10:52,,Cash,4.2
770-42-8960,B,Mandalay,,Normal,Male,Food and beverages,,8,,01-01-23,,19:31,,Cash,6.3
748-45-2862,A,Yangon,,Member,Female,Home and lifestyle,,4,,07-03-23,,18:35,,Cash,8.2
234-36-2483,B,Mandalay,,Normal,Male,Health and beauty,,6,,15-02-23,,13:51,,Cash,5.1
316-66-3011,A,Yangon,,Member,Female,Food and beverages,,9,,23-01-23,,12:35,,Cash,5
848-95-6252,C,Naypyitaw,,Member,Female,Home and lifestyle,,1,,20-02-23,,13:24,,Ewallet,7
840-76-5966,A,Yangon,,Member,Male,Sports and travel,,2,,08-01-23,,18:06,,Ewallet,7.8
152-03-4217,B,Mandalay,,Normal,Female,Home and lifestyle,,9,,17-03-23,,11:55,,Credit card,4.3
533-66-5566,B,Mandalay,,Normal,Female,Home and lifestyle,,7,,12-01-23,,11:42,,Cash,7
124-31-1458,A,Yangon,,Member,Female,Electronic accessories,,3,,08-01-23,,14:30,,Cash,6.6
176-78-1170,C,Naypyitaw,,Member,Male,Health and beauty,,3,,26-01-23,,15:11,,Ewallet,7.3
361-59-0574,B,Mandalay,,Member,Male,Sports and travel,,8,,15-03-23,,14:48,,Credit card,6.5
101-81-4070,C,Naypyitaw,,Member,Female,Health and beauty,,2,,17-01-23,,12:36,,Ewallet,4.9
631-34-1880,C,Naypyitaw,,Member,Male,Food and beverages,,3,,08-01-23,,19:09,,Credit card,4.3
852-82-2749,A,Yangon,,Normal,Male,Sports and travel,,4,,06-01-23,,13:35,,Ewallet,9.3
873-14-6353,A,Yangon,,Member,Male,Food and beverages,,7,,16-02-23,,10:33,,Credit card,7.1
584-66-4073,C,Naypyitaw,,Normal,Male,Fashion accessories,,1,,13-03-23,,15:45,,Ewallet,9.6
544-55-9589,B,Mandalay,,Member,Female,Electronic accessories,,10,,28-01-23,,11:51,,Cash,6.2
166-19-2553,A,Yangon,,Member,Male,Sports and travel,,6,,18-01-23,,17:26,,Cash,9.9
737-88-5876,A,Yangon,,Member,Male,Home and lifestyle,,4,,23-03-23,,11:52,,Credit card,5.9
154-87-7367,C,Naypyitaw,,Normal,Male,Home and lifestyle,,8,,15-03-23,,14:04,,Ewallet,6.3
885-56-0389,C,Naypyitaw,,Member,Male,Fashion accessories,,1,,12-02-23,,17:49,,Cash,4
608-05-3804,B,Mandalay,,Member,Male,Electronic accessories,,1,,25-02-23,,20:19,,Cash,6.1
448-61-3783,A,Yangon,,Normal,Female,Electronic accessories,,8,,21-03-23,,16:08,,Credit card,4.5
761-49-0439,B,Mandalay,,Member,Female,Electronic accessories,,8,,23-01-23,,10:17,,Ewallet,8.6
490-95-0021,B,Mandalay,,Member,Female,Food and beverages,,10,,08-01-23,,14:25,,Ewallet,6
115-38-7388,C,Naypyitaw,,Member,Female,Fashion accessories,,8,,30-03-23,,12:51,,Credit card,9.5
311-13-6971,B,Mandalay,,Member,Male,Sports and travel,,10,,20-02-23,,15:18,,Credit card,9.9
291-55-6563,A,Yangon,,Member,Female,Home and lifestyle,,6,,30-03-23,,12:45,,Ewallet,7.5
548-48-3156,A,Yangon,,Member,Female,Food and beverages,,2,,23-03-23,,13:37,,Cash,7.6
460-93-5834,A,Yangon,,Normal,Male,Sports and travel,,7,,13-01-23,,10:03,,Cash,5
325-89-4209,A,Yangon,,Member,Male,Food and beverages,,1,,05-02-23,,19:42,,Ewallet,6.7
884-80-6021,A,Yangon,,Member,Female,Electronic accessories,,10,,23-03-23,,13:14,,Ewallet,9.5
137-74-8729,C,Naypyitaw,,Normal,Female,Fashion accessories,,8,,13-03-23,,12:47,,Ewallet,6.8
880-46-5796,A,Yangon,,Member,Male,Sports and travel,,10,,17-03-23,,19:53,,Ewallet,5.6
389-70-2397,C,Naypyitaw,,Normal,Female,Health and beauty,,5,,21-02-23,,10:26,,Cash,7.2
114-35-5271,B,Mandalay,,Normal,Female,Electronic accessories,,8,,07-02-23,,15:06,,Cash,8.1
607-76-6216,C,Naypyitaw,,Member,Female,Fashion accessories,,5,,02-03-23,,16:35,,Credit card,8.6
715-20-1673,B,Mandalay,,Normal,Male,Electronic accessories,,5,,06-03-23,,20:57,,Cash,9.4
811-35-1094,B,Mandalay,,Member,Male,Electronic accessories,,6,,06-02-23,,15:16,,Credit card,8.9
699-88-1972,B,Mandalay,,Normal,Male,Health and beauty,,8,,28-01-23,,17:47,,Credit card,4.2
781-84-8059,C,Naypyitaw,,Normal,Male,Fashion accessories,,7,,18-01-23,,16:23,,Ewallet,5
409-49-6995,C,Naypyitaw,,Member,Female,Food and beverages,,6,,05-02-23,,10:17,,Cash,8.8
725-54-0677,C,Naypyitaw,,Member,Male,Health and beauty,,7,,02-03-23,,13:50,,Cash,5.3
146-09-5432,A,Yangon,,Member,Male,Food and beverages,,9,,09-02-23,,19:17,,Ewallet,4.6
377-79-7592,C,Naypyitaw,,Member,Female,Electronic accessories,,9,,14-01-23,,14:00,,Credit card,7.5
509-10-0516,B,Mandalay,,Normal,Male,Home and lifestyle,,4,,09-02-23,,12:02,,Ewallet,5.1
595-94-9924,A,Yangon,,Member,Female,Health and beauty,,5,,26-03-23,,20:21,,Credit card,4.2
865-41-9075,A,Yangon,,Normal,Male,Food and beverages,,7,,28-01-23,,17:35,,Cash,8.1
545-07-8534,C,Naypyitaw,,Normal,Female,Health and beauty,,2,,14-02-23,,12:42,,Ewallet,6
118-62-1812,C,Naypyitaw,,Member,Female,Home and lifestyle,,4,,24-03-23,,17:56,,Cash,7.9
450-42-3339,C,Naypyitaw,,Normal,Male,Health and beauty,,10,,09-02-23,,18:58,,Credit card,8.8
851-98-3555,B,Mandalay,,Normal,Female,Health and beauty,,5,,24-03-23,,14:08,,Credit card,6.6
186-71-5196,A,Yangon,,Member,Female,Food and beverages,,2,,27-03-23,,16:30,,Ewallet,6.2
624-01-8356,B,Mandalay,,Normal,Female,Home and lifestyle,,10,,27-01-23,,10:44,,Credit card,4.2
313-66-9943,B,Mandalay,,Member,Female,Food and beverages,,3,,27-03-23,,20:29,,Credit card,7.3
151-27-8496,C,Naypyitaw,,Normal,Female,Electronic accessories,,4,,23-01-23,,11:43,,Ewallet,8.6
453-33-6436,A,Yangon,,Normal,Female,Home and lifestyle,,8,,07-02-23,,10:09,,Cash,6.8
522-57-8364,A,Yangon,,Member,Male,Fashion accessories,,8,,31-01-23,,10:00,,Ewallet,7.6
459-45-2396,A,Yangon,,Member,Female,Food and beverages,,3,,25-02-23,,18:45,,Cash,5.8
717-96-4189,C,Naypyitaw,,Normal,Female,Electronic accessories,,6,,02-02-23,,12:40,,Cash,4.1
722-13-2115,C,Naypyitaw,,Member,Male,Sports and travel,,1,,14-03-23,,15:36,,Credit card,9.3
749-81-8133,A,Yangon,,Normal,Female,Fashion accessories,,4,,11-03-23,,12:04,,Cash,6.8
777-67-2495,B,Mandalay,,Normal,Male,Home and lifestyle,,3,,22-02-23,,11:26,,Ewallet,8.7
636-98-3364,B,Mandalay,,Member,Female,Electronic accessories,,3,,02-03-23,,12:36,,Ewallet,6.3
246-55-6923,C,Naypyitaw,,Member,Female,Home and lifestyle,,9,,10-03-23,,15:06,,Credit card,5.1
181-82-6255,B,Mandalay,,Normal,Female,Home and lifestyle,,6,,08-02-23,,10:58,,Cash,7
838-02-1821,C,Naypyitaw,,Member,Female,Home and lifestyle,,2,,22-02-23,,12:10,,Credit card,5.2
887-42-0517,C,Naypyitaw,,Normal,Female,Sports and travel,,7,,10-01-23,,10:31,,Credit card,6.6
457-12-0244,C,Naypyitaw,,Member,Female,Sports and travel,,6,,14-03-23,,13:49,,Ewallet,6.5
226-34-0034,B,Mandalay,,Normal,Female,Electronic accessories,,4,,10-01-23,,11:10,,Ewallet,9
321-49-7382,B,Mandalay,,Member,Male,Sports and travel,,1,,15-02-23,,17:38,,Credit card,5.2
397-25-8725,A,Yangon,,Member,Female,Health and beauty,,9,,13-01-23,,17:54,,Credit card,6.8
431-66-2305,B,Mandalay,,Normal,Female,Electronic accessories,,9,,15-02-23,,20:51,,Credit card,7.6
825-94-5922,B,Mandalay,,Normal,Male,Sports and travel,,2,,02-03-23,,19:26,,Ewallet,7.2
641-62-7288,B,Mandalay,,Normal,Male,Home and lifestyle,,6,,24-03-23,,13:33,,Ewallet,7.1
756-93-1854,C,Naypyitaw,,Member,Female,Fashion accessories,,2,,02-02-23,,14:05,,Credit card,9.5
243-55-8457,A,Yangon,,Normal,Female,Food and beverages,,10,,27-02-23,,11:40,,Ewallet,5.1
458-10-8612,C,Naypyitaw,,Normal,Male,Health and beauty,,7,,20-01-23,,12:27,,Ewallet,7.6
501-61-1753,B,Mandalay,,Normal,Female,Home and lifestyle,,6,,03-01-23,,20:24,,Ewallet,9.8
235-06-8510,C,Naypyitaw,,Member,Male,Home and lifestyle,,3,,24-01-23,,20:59,,Ewallet,5.1
433-08-7822,C,Naypyitaw,,Normal,Female,Health and beauty,,7,,05-01-23,,19:48,,Ewallet,7.5
361-85-2571,A,Yangon,,Normal,Female,Sports and travel,,5,,30-03-23,,10:18,,Cash,7.4
131-70-8179,A,Yangon,,Member,Female,Health and beauty,,3,,17-02-23,,16:27,,Cash,4.2
500-02-2261,C,Naypyitaw,,Normal,Female,Food and beverages,,6,,21-03-23,,17:04,,Ewallet,5.9
720-72-2436,A,Yangon,,Normal,Male,Food and beverages,,4,,02-03-23,,18:14,,Ewallet,6.9
702-83-5291,C,Naypyitaw,,Member,Male,Fashion accessories,,9,,27-03-23,,10:43,,Cash,6.6
809-69-9497,A,Yangon,,Normal,Female,Home and lifestyle,,10,,23-01-23,,19:30,,Ewallet,5.7
449-16-6770,A,Yangon,,Normal,Male,Health and beauty,,5,,23-02-23,,14:53,,Credit card,5.3
333-23-2632,A,Yangon,,Member,Male,Health and beauty,,7,,28-03-23,,20:14,,Cash,4.2
489-82-1237,A,Yangon,,Normal,Female,Electronic accessories,,7,,05-01-23,,11:51,,Credit card,7.3
859-97-6048,C,Naypyitaw,,Member,Male,Electronic accessories,,2,,26-03-23,,14:13,,Credit card,5.3
676-10-2200,B,Mandalay,,Member,Male,Fashion accessories,,1,,03-02-23,,20:13,,Ewallet,4.7
373-88-1424,C,Naypyitaw,,Member,Male,Home and lifestyle,,5,,06-02-23,,18:44,,Ewallet,7.9
365-16-4334,B,Mandalay,,Normal,Female,Food and beverages,,8,,24-02-23,,14:26,,Ewallet,8.9
503-21-4385,B,Mandalay,,Member,Male,Health and beauty,,3,,21-02-23,,12:40,,Ewallet,9.3
305-89-2768,B,Mandalay,,Member,Female,Home and lifestyle,,3,,09-01-23,,18:43,,Ewallet,4.7
574-80-1489,B,Mandalay,,Member,Female,Food and beverages,,4,,25-02-23,,13:22,,Ewallet,8.7
784-08-0310,C,Naypyitaw,,Member,Female,Food and beverages,,4,,13-01-23,,13:58,,Cash,7.6
200-40-6154,B,Mandalay,,Member,Male,Home and lifestyle,,6,,09-02-23,,11:45,,Cash,5.7
846-10-0341,A,Yangon,,Normal,Female,Fashion accessories,,7,,06-01-23,,11:51,,Cash,6.8
577-34-7579,C,Naypyitaw,,Member,Male,Food and beverages,,9,,10-01-23,,17:16,,Cash,5.4
430-02-3888,B,Mandalay,,Normal,Male,Electronic accessories,,6,,07-02-23,,15:55,,Cash,7.1
867-47-1948,C,Naypyitaw,,Normal,Female,Home and lifestyle,,10,,09-01-23,,12:07,,Cash,7.8
384-59-6655,A,Yangon,,Member,Female,Food and beverages,,9,,23-02-23,,15:07,,Cash,8.4
256-58-3609,C,Naypyitaw,,Member,Male,Fashion accessories,,1,,18-03-23,,15:29,,Cash,9.8
324-92-3863,A,Yangon,,Member,Male,Electronic accessories,,2,,05-02-23,,18:45,,Cash,9.8
593-08-5916,A,Yangon,,Normal,Female,Fashion accessories,,1,,23-03-23,,15:23,,Credit card,7.4
364-34-2972,C,Naypyitaw,,Member,Male,Electronic accessories,,3,,30-03-23,,20:37,,Cash,6.7
794-42-3736,B,Mandalay,,Normal,Male,Food and beverages,,2,,26-01-23,,14:41,,Credit card,6.4
172-42-8274,B,Mandalay,,Normal,Female,Electronic accessories,,2,,02-03-23,,18:18,,Credit card,5.8
558-60-5016,A,Yangon,,Normal,Female,Home and lifestyle,,9,,04-03-23,,15:27,,Ewallet,7.2
195-06-0432,A,Yangon,,Member,Male,Home and lifestyle,,3,,13-01-23,,12:55,,Credit card,9.3
605-03-2706,A,Yangon,,Normal,Female,Health and beauty,,3,,25-03-23,,18:02,,Cash,9.5
214-30-2776,B,Mandalay,,Member,Female,Electronic accessories,,5,,11-03-23,,19:44,,Credit card,9
746-04-1077,B,Mandalay,,Member,Female,Food and beverages,,10,,01-01-23,,11:36,,Credit card,9
448-34-8700,B,Mandalay,,Member,Male,Home and lifestyle,,7,,10-02-23,,13:51,,Ewallet,6.7
452-04-8808,B,Mandalay,,Normal,Male,Electronic accessories,,7,,26-01-23,,15:17,,Cash,5.5
531-56-4728,A,Yangon,,Normal,Male,Home and lifestyle,,3,,11-02-23,,15:29,,Cash,5.4
744-82-9138,C,Naypyitaw,,Normal,Male,Fashion accessories,,2,,07-02-23,,17:59,,Cash,8.2
883-69-1285,B,Mandalay,,Member,Male,Fashion accessories,,2,,06-03-23,,11:55,,Credit card,7
221-25-5073,A,Yangon,,Normal,Female,Food and beverages,,4,,04-03-23,,10:39,,Cash,8.5
518-71-6847,B,Mandalay,,Member,Male,Food and beverages,,6,,26-02-23,,15:10,,Ewallet,4.9
156-20-0370,B,Mandalay,,Normal,Female,Electronic accessories,,1,,10-03-23,,18:10,,Credit card,5.1
151-33-7434,B,Mandalay,,Normal,Female,Food and beverages,,1,,04-02-23,,20:43,,Credit card,6.5
728-47-9078,C,Naypyitaw,,Member,Male,Food and beverages,,4,,23-01-23,,12:46,,Cash,9.8
809-46-1866,A,Yangon,,Normal,Male,Health and beauty,,4,,23-01-23,,17:44,,Cash,8.4
139-32-4183,A,Yangon,,Member,Female,Sports and travel,,9,,14-03-23,,14:19,,Ewallet,7.4
148-41-7930,C,Naypyitaw,,Normal,Male,Health and beauty,,7,,23-01-23,,10:33,,Cash,6.1
189-40-5216,C,Naypyitaw,,Normal,Male,Electronic accessories,,7,,09-01-23,,11:40,,Cash,6
374-38-5555,B,Mandalay,,Normal,Female,Fashion accessories,,5,,07-02-23,,19:30,,Ewallet,8.5
764-44-8999,B,Mandalay,,Normal,Female,Health and beauty,,2,,18-02-23,,14:42,,Ewallet,4.3
552-44-5977,B,Mandalay,,Member,Male,Health and beauty,,8,,03-01-23,,19:08,,Credit card,6.2
267-62-7380,C,Naypyitaw,,Member,Male,Electronic accessories,,10,,29-03-23,,19:12,,Ewallet,4.3
430-53-4718,B,Mandalay,,Member,Male,Health and beauty,,8,,28-01-23,,15:46,,Credit card,8.4
886-18-2897,A,Yangon,,Normal,Female,Food and beverages,,5,,22-03-23,,19:06,,Credit card,4.5
602-16-6955,B,Mandalay,,Normal,Female,Sports and travel,,10,,24-01-23,,18:10,,Ewallet,6
745-74-0715,A,Yangon,,Normal,Male,Electronic accessories,,2,,10-03-23,,20:46,,Ewallet,8.8
690-01-6631,B,Mandalay,,Normal,Male,Fashion accessories,,10,,22-02-23,,18:35,,Ewallet,6.6
652-49-6720,C,Naypyitaw,,Member,Female,Electronic accessories,,1,,18-02-23,,11:40,,Ewallet,5.9
233-67-5758,C,Naypyitaw,,Normal,Male,Health and beauty,,1,,29-01-23,,13:46,,Ewallet,6.2
303-96-2227,B,Mandalay,,Normal,Female,Home and lifestyle,,10,,02-03-23,,17:16,,Ewallet,4.4
727-02-1313,A,Yangon,,Member,Male,Food and beverages,,1,,09-02-23,,13:22,,Cash,7.7
347-56-2442,A,Yangon,,Normal,Male,Home and lifestyle,,1,,22-02-23,,15:33,,Cash,4.1
849-09-3807,A,Yangon,,Member,Female,Fashion accessories,,7,,18-02-23,,13:28,,Cash,6.6
